<?xml version="1.0" encoding="UTF-8" standalone="yes"?>
<addon id="resource.images.skinbackgrounds.flex" name="Flex Home background text artworks" version="0.0.1" provider-name="Pacoma">
	<extension point="kodi.resource.images" compile="false" type="skinbackgrounds" />
	<requires>
		<import addon="kodi.resource" version="1.0.0"/>
	</requires>
	<extension point="xbmc.addon.metadata">
		<summary lang="de">Home background text artworks</summary>
		<description lang="de">Home background text artworks multiimages</description>
		<platform>all</platform>
	</extension>
</addon>
