<?xml version="1.0" encoding="UTF-8"?>
<colors>
	<!-- #### Hintergrundfarben ####-->
		<!-- Hintergrundfarbe in drei tranzparen -->
		<color name="ACBackgroundColorFull">FF020E17</color>
		<color name="ACBackgroundColor">E503111C</color>
		<color name="ACBackgroundColor_heavy">CC03111C</color>
		<color name="ACBackgroundColor_light">B303111C</color>
		<!-- Hintergrundfarbe extendedlist focus -->
		<color name="ACBackgroundColor_extendedlist">CC03111C</color>
		<!-- Hintergrundfarbe clearartworks in panels -->
		<color name="ACBackgroundColorClearart">73ABD7F8</color> <!-- 2 -->
	
	<!-- #### Einstellbare Farben in Skinsettings #### -->
		<!-- Progressbarfarbe -->
		<color name="ACprogress">FF7DBBEA</color><!-- 4 -->
		<!-- Ratingfarben -->
		<color name="ACRatingColor">FFA6FD76</color><!-- 5 -->
		<color name="ACUserratingColor">FFFACD61</color>
		<!-- selectedcolor - Textfarbe fuer Listentexte die z.B. gerade abgespielt werden -->
		<color name="TextColorSelect">FF79A0F9</color>
		<color name="TextColorSelectFO">FF25448C</color>
		<!-- Schattenfarbe -->
		<color name="ACShadowColor">FF8A8A8A</color>
		<!-- Statusmarkierungen neu, begonnen, gesehen, movieset -->
		<color name="ACOverlayNew">FFFD3157</color>
		<color name="ACOverlayOngoing">FF4E8FF1</color>
		<color name="ACOverlaySet">FFEDAE19</color>
		<color name="ACOverlayWatched">FF40D266</color>
	
	<!-- #### Farben #### -->
		<!-- Skinfarbe -->
		<color name="ACSkinColor">FF7DBBEA</color> <!-- 1 -->
		<!-- inaktive Farbueberlagerung von artworks die nicht fokusiert sind -->
		<color name="ACInaktivItems">6602111C</color>
		<!-- Markierungsleistenfarben -->
		<color name="ACFloorColor">B378C0F8</color> <!-- 3 -->
		<!-- Textfarbe Focus-->
		<color name="TextColorFocus">FFF1F1F1</color>
		<!-- Textfarben in 3 Abstufungen im Idealfall eine Basisfarbe mit 3 Gewichtungen -->
		<color name="TextColor1">FFE2ECF4</color>
		<color name="TextColor2">FFB8BFC5</color>
		<color name="TextColor3">FFADB5BB</color>
		
	<!-- #### defaultfarben fuer settings, die nicht veraendert werden sollten #### -->
	<!-- Tranzparenz Beispiele:
		42 = 26%		47 = 28%		4D = 30%		52 = 32%		57 = 34%
		5C = 36%		61 = 38%		66 = 40%		6B = 42%		70 = 44%
		75 = 46%		7A = 48%		7F = 50%		85 = 52%		8A = 54%
		8F = 56%		94 = 58%		99 = 60%		9E = 62%		A3 = 64%
		A8 = 66%		AD = 68%		B3 = 70%		B8 = 72%		BD = 74%
		C2 = 76%		C7 = 78%		CC = 80%		D1 = 82%		D6 = 86%
		DB = 88%		E0 = 90%		E5 = 92%
	-->
	<!-- wildcard farben fuer viewsettings -->
	<color name="WildcardRed">4DB20000</color>
	<color name="WildcardLight">4D7E7E7E</color>
	<color name="WildcardWhite">FFF1F1F1</color>
	<color name="Wildcard">FF7E7E7E</color>	
	
	<!-- Menue erstellen hintergrundfarben fuer unterschiedlich farbige buttons -->
	<color name="ACSlotSettingCustomNF">82F33E3E</color>
	<color name="ACSlotSettingCustomFO">FFF33E3E</color>
	<color name="ACSlotSettingDefaultNF">823E64F3</color>
	<color name="ACSlotSettingDefaultFO">FF3E64F3</color>
	<color name="ACSlotContentDefaultNF">8224C01D</color>
	<color name="ACSlotContentDefaultFO">FF24C01D</color>
	<color name="ACSlotContentDefault2NF">8232B6A8</color>
	<color name="ACSlotContentDefault2FO">FF32B6A8</color>
	<color name="ACSlotContentDefault3NF">82996600</color>
	<color name="ACSlotContentDefault3FO">FF996600</color>
	<color name="ACSlotContentDefault4NF">82996699</color>
	<color name="ACSlotContentDefault4FO">FF996699</color>
	<color name="ACSlotContentDefault5NF">82FF3366</color>
	<color name="ACSlotContentDefault5FO">FFFF3366</color>
	<color name="ACSlotContentDefault6NF">824E8975</color>
	<color name="ACSlotContentDefault6FO">FF4E8975</color>
	<color name="ACViewSettingCustomOffNF">82F33E3E</color>
	<color name="ACViewSettingCustomOffFO">FFF33E3E</color>
	<color name="ACViewSettingCustomOnNF">8224C01D</color>
	<color name="ACViewSettingCustomOnFO">FF24C01D</color>
	
	<!-- hintergrund schwarz fuer videovorschau, trailer usw.. -->
	<color name="black">FF000000</color>
	
	<!-- warnfarbe fuer meldungen wie Wetter fehlt, inhalt wird aktualisiert, keine untertitel verfuegbar, Addon deffeckt usw. -->
	<color name="ACRed">FFB20000</color>
</colors>