﻿<?xml version="1.0" encoding="UTF-8" standalone="yes"?>
<addon id="repository.AeonFlex" name="Skin AeonFlex Repo" version="1.0.0" provider-name="Marc0810"> 
	<extension point="xbmc.addon.repository" name="Skin AeonFlex Repo">
		<info compressed="false">https://raw.githubusercontent.com/AeonFlex/AeonFlex_Krypton/master/addons.xml</info> 
		<checksum>https://raw.githubusercontent.com/AeonFlex/AeonFlex_Krypton/master/addons.xml.md5</checksum> 
		<datadir zip="true">https://raw.githubusercontent.com/AeonFlex/AeonFlex_Krypton/master/</datadir> 
	</extension>
	<extension point="xbmc.addon.metadata"> 
		<summary>Skin AeonFlex Repo</summary> 
		<description></description> 
		<disclaimer></disclaimer> 
		<platform>all</platform> 
	</extension> 
</addon>