<?xml version="1.0" encoding="utf-8"?>
<window type="dialog" id="1118">
<defaultcontrol always="true">119</defaultcontrol>
<onload>SetProperty(RefreshList3,1)</onload>
<onunload>ClearProperty(RefreshList3,Home)</onunload>
<onunload>ClearProperty(ProgressWindow,1110)</onunload>
<!-- Reset Tempstring Menuekategorien -->
<onunload>Skin.Reset(AKNMenueProperties)</onunload>
<!-- Alarm Reset -->
<onunload>CancelAlarm(WindowLoad,silent)</onunload>
<onunload>CancelAlarm(Beginnloading,silent)</onunload>
<onunload>CancelAlarm(Nextstep,silent)</onunload>
<controls>
<control type="button" id="119"><!-- focus button -->
	<onclick>noop</onclick>
	<onfocus condition="Stringcompare(Skin.String(AKNMenueProperties),Widgetchannelgroupselect) | Stringcompare(Skin.String(AKNMenueProperties),Widgetradioselect)">AlarmClock(Beginnloading,SetFocus(352),0:02,true)</onfocus><!-- widget -->
	<onfocus condition="Stringcompare(Skin.String(AKNMenueProperties),ResetMenue)">AlarmClock(Beginnloading,SetFocus(120),0:02,true)</onfocus><!-- menue löschen -->
	<onfocus condition="Stringcompare(Skin.String(AKNMenueProperties),DefaultMenue)">AlarmClock(Beginnloading,SetFocus(120),0:02,true)</onfocus><!-- menue löschen -->
	<onfocus condition="Stringcompare(Skin.String(AKNMenueProperties),Skindefault)">AlarmClock(Beginnloading,SetFocus(900),0:02,true)</onfocus><!-- nur einstellungen  -->
	<onfocus condition="Stringcompare(Skin.String(AKNMenueProperties),Standard)">AlarmClock(Beginnloading,SetFocus(120),0:02,true)</onfocus><!-- alles -->
	<onfocus condition="Stringcompare(Skin.String(AKNMenueProperties),Reload)">AlarmClock(Beginnloading,SetFocus(350),0:02,true)</onfocus>
	<onfocus condition="Stringcompare(Skin.String(AKNMenueProperties),Flexfirst)">AlarmClock(Beginnloading,SetFocus(360),0:02,true)</onfocus>
	<onfocus condition="Stringcompare(Skin.String(AKNMenueProperties),Slot1Reset)">AlarmClock(Beginnloading,SetFocus(120),0:02,true)</onfocus>
	<onfocus condition="Stringcompare(Skin.String(AKNMenueProperties),Slot2Reset)">AlarmClock(Beginnloading,SetFocus(121),0:02,true)</onfocus>
	<onfocus condition="Stringcompare(Skin.String(AKNMenueProperties),Slot3Reset)">AlarmClock(Beginnloading,SetFocus(122),0:02,true)</onfocus>
	<onfocus condition="Stringcompare(Skin.String(AKNMenueProperties),Slot4Reset)">AlarmClock(Beginnloading,SetFocus(123),0:02,true)</onfocus>
	<onfocus condition="Stringcompare(Skin.String(AKNMenueProperties),Slot5Reset)">AlarmClock(Beginnloading,SetFocus(124),0:02,true)</onfocus>
	<onfocus condition="Stringcompare(Skin.String(AKNMenueProperties),Slot6Reset)">AlarmClock(Beginnloading,SetFocus(125),0:02,true)</onfocus>
	<onfocus condition="Stringcompare(Skin.String(AKNMenueProperties),Slot7Reset)">AlarmClock(Beginnloading,SetFocus(126),0:02,true)</onfocus>
	<onfocus condition="Stringcompare(Skin.String(AKNMenueProperties),Slot8Reset)">AlarmClock(Beginnloading,SetFocus(127),0:02,true)</onfocus>
	<onfocus condition="Stringcompare(Skin.String(AKNMenueProperties),Slot9Reset)">AlarmClock(Beginnloading,SetFocus(128),0:02,true)</onfocus>
	<include>Hiddencontrol</include>
</control>
<!-- Defaults -->
<control type="button" id="120"><!-- slot 1 reset -->
	<onclick>noop</onclick>
	<onfocus>Skin.Reset(Mainslot1Icon)</onfocus>
	<onfocus>Skin.Reset(Mainslot1Title)</onfocus>
	<onfocus>Skin.Reset(Mainslot1Click)</onfocus>
	<onfocus>Skin.Reset(Mainslot1Playliste)</onfocus>
	<onfocus>Skin.Reset(Mainslot1WidgetContent)</onfocus>
	<onfocus>Skin.Reset(Mainslot1WidgetTarget)</onfocus>
	<onfocus>Skin.Reset(Mainslot1WidgetTitle)</onfocus>
	<onfocus>Skin.Reset(Mainslot1WidgetCategory)</onfocus>
	<onfocus>Skin.Reset(Subslot1_01Title)</onfocus>
	<onfocus>Skin.Reset(Subslot1_01Click)</onfocus>
	<onfocus>Skin.Reset(Subslot1_01Playliste)</onfocus>
	<onfocus>Skin.Reset(Subslot1_01Title)</onfocus>
	<onfocus>Skin.Reset(Subslot1_01Click)</onfocus>
	<onfocus>Skin.Reset(Subslot1_01Playliste)</onfocus>
	<onfocus>Skin.Reset(Subslot1_02Title)</onfocus>
	<onfocus>Skin.Reset(Subslot1_02Click)</onfocus>
	<onfocus>Skin.Reset(Subslot1_02Playliste)</onfocus>
	<onfocus>Skin.Reset(Subslot1_03Title)</onfocus>
	<onfocus>Skin.Reset(Subslot1_03Click)</onfocus>
	<onfocus>Skin.Reset(Subslot1_03Playliste)</onfocus>
	<onfocus>Skin.Reset(Subslot1_04Title)</onfocus>
	<onfocus>Skin.Reset(Subslot1_04Click)</onfocus>
	<onfocus>Skin.Reset(Subslot1_04Playliste)</onfocus>
	<onfocus>Skin.Reset(Subslot1_05Title)</onfocus>
	<onfocus>Skin.Reset(Subslot1_05Click)</onfocus>
	<onfocus>Skin.Reset(Subslot1_05Playliste)</onfocus>
	<onfocus>Skin.Reset(Subslot1_06Title)</onfocus>
	<onfocus>Skin.Reset(Subslot1_06Click)</onfocus>
	<onfocus>Skin.Reset(Subslot1_06Playliste)</onfocus>
	<onfocus condition="Stringcompare(Skin.String(AKNMenueProperties),ResetMenue)">SetFocus(121)</onfocus><!-- menue löschen -->
	<onfocus condition="Stringcompare(Skin.String(AKNMenueProperties),DefaultMenue)">SetFocus(121)</onfocus><!-- menue löschen -->
	<onfocus condition="Stringcompare(Skin.String(AKNMenueProperties),Standard)">SetFocus(121)</onfocus><!-- alles -->
	<onfocus condition="Stringcompare(Skin.String(AKNMenueProperties),Slot1Reset)">SetFocus(1320)</onfocus><!-- slot1 reset -->
	<include>Hiddencontrol</include>
</control>

<control type="button" id="121"><!-- slot 2 reset -->
	<onclick>noop</onclick>
	<onfocus>Skin.Reset(Mainslot2Icon)</onfocus>
	<onfocus>Skin.Reset(Mainslot2Title)</onfocus>
	<onfocus>Skin.Reset(Mainslot2Click)</onfocus>
	<onfocus>Skin.Reset(Mainslot2Playliste)</onfocus>
	<onfocus>Skin.Reset(Mainslot2WidgetContent)</onfocus>
	<onfocus>Skin.Reset(Mainslot2WidgetTarget)</onfocus>
	<onfocus>Skin.Reset(Mainslot2WidgetTitle)</onfocus>
	<onfocus>Skin.Reset(Mainslot2WidgetCategory)</onfocus>
	<onfocus>Skin.Reset(Subslot2_01Title)</onfocus>
	<onfocus>Skin.Reset(Subslot2_01Click)</onfocus>
	<onfocus>Skin.Reset(Subslot2_01Playliste)</onfocus>
	<onfocus>Skin.Reset(Subslot2_02Title)</onfocus>
	<onfocus>Skin.Reset(Subslot2_02Click)</onfocus>
	<onfocus>Skin.Reset(Subslot2_02Playliste)</onfocus>
	<onfocus>Skin.Reset(Subslot2_03Title)</onfocus>
	<onfocus>Skin.Reset(Subslot2_03Click)</onfocus>
	<onfocus>Skin.Reset(Subslot2_03Playliste)</onfocus>
	<onfocus>Skin.Reset(Subslot2_04Title)</onfocus>
	<onfocus>Skin.Reset(Subslot2_04Click)</onfocus>
	<onfocus>Skin.Reset(Subslot2_04Playliste)</onfocus>
	<onfocus>Skin.Reset(Subslot2_05Title)</onfocus>
	<onfocus>Skin.Reset(Subslot2_05Click)</onfocus>
	<onfocus>Skin.Reset(Subslot2_05Playliste)</onfocus>
	<onfocus>Skin.Reset(Subslot2_06Title)</onfocus>
	<onfocus>Skin.Reset(Subslot2_06Click)</onfocus>
	<onfocus>Skin.Reset(Subslot2_06Playliste)</onfocus>
	<onfocus condition="Stringcompare(Skin.String(AKNMenueProperties),ResetMenue)">SetFocus(122)</onfocus><!-- menue löschen -->
	<onfocus condition="Stringcompare(Skin.String(AKNMenueProperties),DefaultMenue)">SetFocus(122)</onfocus><!-- menue löschen -->
	<onfocus condition="Stringcompare(Skin.String(AKNMenueProperties),Standard)">SetFocus(122)</onfocus><!-- alles -->
	<onfocus condition="Stringcompare(Skin.String(AKNMenueProperties),Slot2Reset)">SetFocus(1321)</onfocus><!-- slot2 reset -->
	<include>Hiddencontrol</include>
</control>

<control type="button" id="122"><!-- slot 3 reset -->
	<onclick>noop</onclick>
	<onfocus>Skin.Reset(Mainslot3Icon)</onfocus>
	<onfocus>Skin.Reset(Mainslot3Title)</onfocus>
	<onfocus>Skin.Reset(Mainslot3Click)</onfocus>
	<onfocus>Skin.Reset(Mainslot3Playliste)</onfocus>
	<onfocus>Skin.Reset(Mainslot3WidgetContent)</onfocus>
	<onfocus>Skin.Reset(Mainslot3WidgetTarget)</onfocus>
	<onfocus>Skin.Reset(Mainslot3WidgetTitle)</onfocus>
	<onfocus>Skin.Reset(Mainslot3WidgetCategory)</onfocus>
	<onfocus>Skin.Reset(Subslot3_01Title)</onfocus>
	<onfocus>Skin.Reset(Subslot3_01Click)</onfocus>
	<onfocus>Skin.Reset(Subslot3_01Playliste)</onfocus>
	<onfocus>Skin.Reset(Subslot3_02Title)</onfocus>
	<onfocus>Skin.Reset(Subslot3_02Click)</onfocus>
	<onfocus>Skin.Reset(Subslot3_02Playliste)</onfocus>
	<onfocus>Skin.Reset(Subslot3_03Title)</onfocus>
	<onfocus>Skin.Reset(Subslot3_03Click)</onfocus>
	<onfocus>Skin.Reset(Subslot3_03Playliste)</onfocus>
	<onfocus>Skin.Reset(Subslot3_04Title)</onfocus>
	<onfocus>Skin.Reset(Subslot3_04Click)</onfocus>
	<onfocus>Skin.Reset(Subslot3_04Playliste)</onfocus>
	<onfocus>Skin.Reset(Subslot3_05Title)</onfocus>
	<onfocus>Skin.Reset(Subslot3_05Click)</onfocus>
	<onfocus>Skin.Reset(Subslot3_05Playliste)</onfocus>
	<onfocus>Skin.Reset(Subslot3_06Title)</onfocus>
	<onfocus>Skin.Reset(Subslot3_06Click)</onfocus>
	<onfocus>Skin.Reset(Subslot3_06Playliste)</onfocus>
	<onfocus condition="Stringcompare(Skin.String(AKNMenueProperties),ResetMenue)">SetFocus(123)</onfocus><!-- menue löschen -->
	<onfocus condition="Stringcompare(Skin.String(AKNMenueProperties),DefaultMenue)">SetFocus(123)</onfocus><!-- menue löschen -->
	<onfocus condition="Stringcompare(Skin.String(AKNMenueProperties),Standard)">SetFocus(123)</onfocus><!-- alles -->
	<onfocus condition="Stringcompare(Skin.String(AKNMenueProperties),Slot3Reset)">SetFocus(1322)</onfocus><!-- slot3 reset -->
	<include>Hiddencontrol</include>
</control>

<control type="button" id="123"><!-- slot 4 reset -->
	<onclick>noop</onclick>
	<onfocus>Skin.Reset(Mainslot4Icon)</onfocus>
	<onfocus>Skin.Reset(Mainslot4Title)</onfocus>
	<onfocus>Skin.Reset(Mainslot4Click)</onfocus>
	<onfocus>Skin.Reset(Mainslot4Playliste)</onfocus>
	<onfocus>Skin.Reset(Mainslot4WidgetContent)</onfocus>
	<onfocus>Skin.Reset(Mainslot4WidgetTarget)</onfocus>
	<onfocus>Skin.Reset(Mainslot4WidgetTitle)</onfocus>
	<onfocus>Skin.Reset(Mainslot4WidgetCategory)</onfocus>
	<onfocus>Skin.Reset(Subslot4_01Title)</onfocus>
	<onfocus>Skin.Reset(Subslot4_01Click)</onfocus>
	<onfocus>Skin.Reset(Subslot4_01Playliste)</onfocus>
	<onfocus>Skin.Reset(Subslot4_02Title)</onfocus>
	<onfocus>Skin.Reset(Subslot4_02Click)</onfocus>
	<onfocus>Skin.Reset(Subslot4_02Playliste)</onfocus>
	<onfocus>Skin.Reset(Subslot4_03Title)</onfocus>
	<onfocus>Skin.Reset(Subslot4_03Click)</onfocus>
	<onfocus>Skin.Reset(Subslot4_03Playliste)</onfocus>
	<onfocus>Skin.Reset(Subslot4_04Title)</onfocus>
	<onfocus>Skin.Reset(Subslot4_04Click)</onfocus>
	<onfocus>Skin.Reset(Subslot4_04Playliste)</onfocus>
	<onfocus>Skin.Reset(Subslot4_05Title)</onfocus>
	<onfocus>Skin.Reset(Subslot4_05Click)</onfocus>
	<onfocus>Skin.Reset(Subslot4_05Playliste)</onfocus>
	<onfocus>Skin.Reset(Subslot4_06Title)</onfocus>
	<onfocus>Skin.Reset(Subslot4_06Click)</onfocus>
	<onfocus>Skin.Reset(Subslot4_06Playliste)</onfocus>
	<onfocus condition="Stringcompare(Skin.String(AKNMenueProperties),ResetMenue)">SetFocus(124)</onfocus><!-- menue löschen -->
	<onfocus condition="Stringcompare(Skin.String(AKNMenueProperties),DefaultMenue)">SetFocus(124)</onfocus><!-- menue löschen -->
	<onfocus condition="Stringcompare(Skin.String(AKNMenueProperties),Standard)">SetFocus(124)</onfocus><!-- alles -->
	<onfocus condition="Stringcompare(Skin.String(AKNMenueProperties),Slot4Reset)">SetFocus(1323)</onfocus><!-- slot4 reset -->
	<include>Hiddencontrol</include>
</control>

<control type="button" id="124"><!-- slot 5 reset -->
	<onclick>noop</onclick>
	<onfocus>Skin.Reset(Mainslot5Icon)</onfocus>
	<onfocus>Skin.Reset(Mainslot5Title)</onfocus>
	<onfocus>Skin.Reset(Mainslot5Click)</onfocus>
	<onfocus>Skin.Reset(Mainslot5Playliste)</onfocus>
	<onfocus>Skin.Reset(Mainslot5WidgetContent)</onfocus>
	<onfocus>Skin.Reset(Mainslot5WidgetTarget)</onfocus>
	<onfocus>Skin.Reset(Mainslot5WidgetTitle)</onfocus>
	<onfocus>Skin.Reset(Mainslot5WidgetCategory)</onfocus>
	<onfocus>Skin.Reset(Subslot5_01Title)</onfocus>
	<onfocus>Skin.Reset(Subslot5_01Click)</onfocus>
	<onfocus>Skin.Reset(Subslot5_01Playliste)</onfocus>
	<onfocus>Skin.Reset(Subslot5_02Title)</onfocus>
	<onfocus>Skin.Reset(Subslot5_02Click)</onfocus>
	<onfocus>Skin.Reset(Subslot5_02Playliste)</onfocus>
	<onfocus>Skin.Reset(Subslot5_03Title)</onfocus>
	<onfocus>Skin.Reset(Subslot5_03Click)</onfocus>
	<onfocus>Skin.Reset(Subslot5_03Playliste)</onfocus>
	<onfocus>Skin.Reset(Subslot5_04Title)</onfocus>
	<onfocus>Skin.Reset(Subslot5_04Click)</onfocus>
	<onfocus>Skin.Reset(Subslot5_04Playliste)</onfocus>
	<onfocus>Skin.Reset(Subslot5_05Title)</onfocus>
	<onfocus>Skin.Reset(Subslot5_05Click)</onfocus>
	<onfocus>Skin.Reset(Subslot5_05Playliste)</onfocus>
	<onfocus>Skin.Reset(Subslot5_06Title)</onfocus>
	<onfocus>Skin.Reset(Subslot5_06Click)</onfocus>
	<onfocus>Skin.Reset(Subslot5_06Playliste)</onfocus>
	<onfocus condition="Stringcompare(Skin.String(AKNMenueProperties),ResetMenue)">SetFocus(125)</onfocus><!-- menue löschen -->
	<onfocus condition="Stringcompare(Skin.String(AKNMenueProperties),DefaultMenue)">SetFocus(125)</onfocus><!-- menue löschen -->
	<onfocus condition="Stringcompare(Skin.String(AKNMenueProperties),Standard)">SetFocus(125)</onfocus><!-- alles -->
	<onfocus condition="Stringcompare(Skin.String(AKNMenueProperties),Slot5Reset)">SetFocus(1324)</onfocus><!-- slot5 reset -->
	<include>Hiddencontrol</include>
</control>

<control type="button" id="125"><!-- slot 6 reset -->
	<onclick>noop</onclick>
	<onfocus>Skin.Reset(Mainslot6Icon)</onfocus>
	<onfocus>Skin.Reset(Mainslot6Title)</onfocus>
	<onfocus>Skin.Reset(Mainslot6Click)</onfocus>
	<onfocus>Skin.Reset(Mainslot6Playliste)</onfocus>
	<onfocus>Skin.Reset(Mainslot6WidgetContent)</onfocus>
	<onfocus>Skin.Reset(Mainslot6WidgetTarget)</onfocus>
	<onfocus>Skin.Reset(Mainslot6WidgetTitle)</onfocus>
	<onfocus>Skin.Reset(Mainslot6WidgetCategory)</onfocus>
	<onfocus>Skin.Reset(Subslot6_01Title)</onfocus>
	<onfocus>Skin.Reset(Subslot6_01Click)</onfocus>
	<onfocus>Skin.Reset(Subslot6_01Playliste)</onfocus>
	<onfocus>Skin.Reset(Subslot6_02Title)</onfocus>
	<onfocus>Skin.Reset(Subslot6_02Click)</onfocus>
	<onfocus>Skin.Reset(Subslot6_02Playliste)</onfocus>
	<onfocus>Skin.Reset(Subslot6_03Title)</onfocus>
	<onfocus>Skin.Reset(Subslot6_03Click)</onfocus>
	<onfocus>Skin.Reset(Subslot6_03Playliste)</onfocus>
	<onfocus>Skin.Reset(Subslot6_04Title)</onfocus>
	<onfocus>Skin.Reset(Subslot6_04Click)</onfocus>
	<onfocus>Skin.Reset(Subslot6_04Playliste)</onfocus>
	<onfocus>Skin.Reset(Subslot6_05Title)</onfocus>
	<onfocus>Skin.Reset(Subslot6_05Click)</onfocus>
	<onfocus>Skin.Reset(Subslot6_05Playliste)</onfocus>
	<onfocus>Skin.Reset(Subslot6_06Title)</onfocus>
	<onfocus>Skin.Reset(Subslot6_06Click)</onfocus>
	<onfocus>Skin.Reset(Subslot6_06Playliste)</onfocus>
	<onfocus condition="Stringcompare(Skin.String(AKNMenueProperties),ResetMenue)">SetFocus(126)</onfocus><!-- menue löschen -->
	<onfocus condition="Stringcompare(Skin.String(AKNMenueProperties),DefaultMenue)">SetFocus(126)</onfocus><!-- menue löschen -->
	<onfocus condition="Stringcompare(Skin.String(AKNMenueProperties),Standard)">SetFocus(126)</onfocus><!-- alles -->
	<onfocus condition="Stringcompare(Skin.String(AKNMenueProperties),Slot6Reset)">SetFocus(1325)</onfocus><!-- slot6 reset -->
	<include>Hiddencontrol</include>
</control>

<control type="button" id="126"><!-- slot 7 reset -->
	<onclick>noop</onclick>
	<onfocus>Skin.Reset(Mainslot7Icon)</onfocus>
	<onfocus>Skin.Reset(Mainslot7Title)</onfocus>
	<onfocus>Skin.Reset(Mainslot7Click)</onfocus>
	<onfocus>Skin.Reset(Mainslot7Playliste)</onfocus>
	<onfocus>Skin.Reset(Mainslot7WidgetContent)</onfocus>
	<onfocus>Skin.Reset(Mainslot7WidgetTarget)</onfocus>
	<onfocus>Skin.Reset(Mainslot7WidgetTitle)</onfocus>
	<onfocus>Skin.Reset(Mainslot7WidgetCategory)</onfocus>
	<onfocus>Skin.Reset(Subslot7_01Title)</onfocus>
	<onfocus>Skin.Reset(Subslot7_01Click)</onfocus>
	<onfocus>Skin.Reset(Subslot7_01Playliste)</onfocus>
	<onfocus>Skin.Reset(Subslot7_02Title)</onfocus>
	<onfocus>Skin.Reset(Subslot7_02Click)</onfocus>
	<onfocus>Skin.Reset(Subslot7_02Playliste)</onfocus>
	<onfocus>Skin.Reset(Subslot7_03Title)</onfocus>
	<onfocus>Skin.Reset(Subslot7_03Click)</onfocus>
	<onfocus>Skin.Reset(Subslot7_03Playliste)</onfocus>
	<onfocus>Skin.Reset(Subslot7_04Title)</onfocus>
	<onfocus>Skin.Reset(Subslot7_04Click)</onfocus>
	<onfocus>Skin.Reset(Subslot7_04Playliste)</onfocus>
	<onfocus>Skin.Reset(Subslot7_05Title)</onfocus>
	<onfocus>Skin.Reset(Subslot7_05Click)</onfocus>
	<onfocus>Skin.Reset(Subslot7_05Playliste)</onfocus>
	<onfocus>Skin.Reset(Subslot7_06Title)</onfocus>
	<onfocus>Skin.Reset(Subslot7_06Click)</onfocus>
	<onfocus>Skin.Reset(Subslot7_06Playliste)</onfocus>
	<onfocus condition="Stringcompare(Skin.String(AKNMenueProperties),ResetMenue)">SetFocus(127)</onfocus><!-- menue löschen -->
	<onfocus condition="Stringcompare(Skin.String(AKNMenueProperties),DefaultMenue)">SetFocus(127)</onfocus><!-- menue löschen -->
	<onfocus condition="Stringcompare(Skin.String(AKNMenueProperties),Standard)">SetFocus(127)</onfocus><!-- alles -->
	<onfocus condition="Stringcompare(Skin.String(AKNMenueProperties),Slot7Reset)">SetFocus(1326)</onfocus><!-- slot7 reset -->
	<include>Hiddencontrol</include>
</control>

<control type="button" id="127"><!-- slot 8 reset -->
	<onclick>noop</onclick>
	<onfocus>Skin.Reset(Mainslot8Icon)</onfocus>
	<onfocus>Skin.Reset(Mainslot8Title)</onfocus>
	<onfocus>Skin.Reset(Mainslot8Click)</onfocus>
	<onfocus>Skin.Reset(Mainslot8Playliste)</onfocus>
	<onfocus>Skin.Reset(Mainslot8WidgetContent)</onfocus>
	<onfocus>Skin.Reset(Mainslot8WidgetTarget)</onfocus>
	<onfocus>Skin.Reset(Mainslot8WidgetTitle)</onfocus>
	<onfocus>Skin.Reset(Mainslot8WidgetCategory)</onfocus>
	<onfocus>Skin.Reset(Subslot8_01Title)</onfocus>
	<onfocus>Skin.Reset(Subslot8_01Click)</onfocus>
	<onfocus>Skin.Reset(Subslot8_01Playliste)</onfocus>
	<onfocus>Skin.Reset(Subslot8_02Title)</onfocus>
	<onfocus>Skin.Reset(Subslot8_02Click)</onfocus>
	<onfocus>Skin.Reset(Subslot8_02Playliste)</onfocus>
	<onfocus>Skin.Reset(Subslot8_03Title)</onfocus>
	<onfocus>Skin.Reset(Subslot8_03Click)</onfocus>
	<onfocus>Skin.Reset(Subslot8_03Playliste)</onfocus>
	<onfocus>Skin.Reset(Subslot8_04Title)</onfocus>
	<onfocus>Skin.Reset(Subslot8_04Click)</onfocus>
	<onfocus>Skin.Reset(Subslot8_04Playliste)</onfocus>
	<onfocus>Skin.Reset(Subslot8_05Title)</onfocus>
	<onfocus>Skin.Reset(Subslot8_05Click)</onfocus>
	<onfocus>Skin.Reset(Subslot8_05Playliste)</onfocus>
	<onfocus>Skin.Reset(Subslot8_06Title)</onfocus>
	<onfocus>Skin.Reset(Subslot8_06Click)</onfocus>
	<onfocus>Skin.Reset(Subslot8_06Playliste)</onfocus>
	<onfocus condition="Stringcompare(Skin.String(AKNMenueProperties),ResetMenue)">SetFocus(128)</onfocus><!-- menue löschen -->
	<onfocus condition="Stringcompare(Skin.String(AKNMenueProperties),DefaultMenue)">SetFocus(128)</onfocus><!-- menue löschen -->
	<onfocus condition="Stringcompare(Skin.String(AKNMenueProperties),Standard)">SetFocus(128)</onfocus><!-- alles -->
	<onfocus condition="Stringcompare(Skin.String(AKNMenueProperties),Slot8Reset)">SetFocus(1327)</onfocus><!-- slot8 reset -->
	<include>Hiddencontrol</include>
</control>

<control type="button" id="128"><!-- slot 9 reset -->
	<onclick>noop</onclick>
	<onfocus>Skin.Reset(Mainslot9Icon)</onfocus>
	<onfocus>Skin.Reset(Mainslot9Title)</onfocus>
	<onfocus>Skin.Reset(Mainslot9Click)</onfocus>
	<onfocus>Skin.Reset(Mainslot9Playliste)</onfocus>
	<onfocus>Skin.Reset(Mainslot9WidgetContent)</onfocus>
	<onfocus>Skin.Reset(Mainslot9WidgetTarget)</onfocus>
	<onfocus>Skin.Reset(Mainslot9WidgetTitle)</onfocus>
	<onfocus>Skin.Reset(Mainslot9WidgetCategory)</onfocus>
	<onfocus>Skin.Reset(Subslot9_01Title)</onfocus>
	<onfocus>Skin.Reset(Subslot9_01Click)</onfocus>
	<onfocus>Skin.Reset(Subslot9_01Playliste)</onfocus>
	<onfocus>Skin.Reset(Subslot9_02Title)</onfocus>
	<onfocus>Skin.Reset(Subslot9_02Click)</onfocus>
	<onfocus>Skin.Reset(Subslot9_02Playliste)</onfocus>
	<onfocus>Skin.Reset(Subslot9_03Title)</onfocus>
	<onfocus>Skin.Reset(Subslot9_03Click)</onfocus>
	<onfocus>Skin.Reset(Subslot9_03Playliste)</onfocus>
	<onfocus>Skin.Reset(Subslot9_04Title)</onfocus>
	<onfocus>Skin.Reset(Subslot9_04Click)</onfocus>
	<onfocus>Skin.Reset(Subslot9_04Playliste)</onfocus>
	<onfocus>Skin.Reset(Subslot9_05Title)</onfocus>
	<onfocus>Skin.Reset(Subslot9_05Click)</onfocus>
	<onfocus>Skin.Reset(Subslot9_05Playliste)</onfocus>
	<onfocus>Skin.Reset(Subslot9_06Title)</onfocus>
	<onfocus>Skin.Reset(Subslot9_06Click)</onfocus>
	<onfocus>Skin.Reset(Subslot9_06Playliste)</onfocus>
	<onfocus condition="Stringcompare(Skin.String(AKNMenueProperties),ResetMenue)">SetFocus(129)</onfocus><!-- menue löschen -->
	<onfocus condition="Stringcompare(Skin.String(AKNMenueProperties),DefaultMenue)">SetFocus(129)</onfocus><!-- menue löschen -->
	<onfocus condition="Stringcompare(Skin.String(AKNMenueProperties),Standard)">SetFocus(129)</onfocus><!-- alles -->
	<onfocus condition="Stringcompare(Skin.String(AKNMenueProperties),Slot9Reset)">SetFocus(1328)</onfocus><!-- slot9 reset -->
	<include>Hiddencontrol</include>
</control>

<control type="button" id="129"><!-- slot 10 reset -->
	<onclick>noop</onclick>
	<onfocus>Skin.Reset(Mainslot10Icon)</onfocus>
	<onfocus>Skin.Reset(Mainslot10Title)</onfocus>
	<onfocus>Skin.Reset(Mainslot10Click)</onfocus>
	<onfocus>Skin.Reset(Mainslot10Playliste)</onfocus>
	<onfocus>Skin.Reset(Mainslot10WidgetContent)</onfocus>
	<onfocus>Skin.Reset(Mainslot10WidgetTarget)</onfocus>
	<onfocus>Skin.Reset(Mainslot10WidgetTitle)</onfocus>
	<onfocus>Skin.Reset(Mainslot10WidgetCategory)</onfocus>
	<onfocus>Skin.Reset(Subslot10_01Icon)</onfocus>
	<onfocus>Skin.Reset(Subslot10_01Title)</onfocus>
	<onfocus>Skin.Reset(Subslot10_01Click)</onfocus>
	<onfocus>Skin.Reset(Subslot10_01Playliste)</onfocus>

	<onfocus>Skin.Reset(Subslot10_01Category)</onfocus>
	<onfocus>Skin.Reset(Subslot10_02Icon)</onfocus>
	<onfocus>Skin.Reset(Subslot10_02Title)</onfocus>
	<onfocus>Skin.Reset(Subslot10_02Click)</onfocus>
	<onfocus>Skin.Reset(Subslot10_02Playliste)</onfocus>

	<onfocus>Skin.Reset(Subslot10_02Category)</onfocus>
	<onfocus>Skin.Reset(Subslot10_03Icon)</onfocus>
	<onfocus>Skin.Reset(Subslot10_03Title)</onfocus>
	<onfocus>Skin.Reset(Subslot10_03Click)</onfocus>
	<onfocus>Skin.Reset(Subslot10_03Playliste)</onfocus>

	<onfocus>Skin.Reset(Subslot10_03Category)</onfocus>
	<onfocus>Skin.Reset(Subslot10_04Icon)</onfocus>
	<onfocus>Skin.Reset(Subslot10_04Title)</onfocus>
	<onfocus>Skin.Reset(Subslot10_04Click)</onfocus>
	<onfocus>Skin.Reset(Subslot10_04Playliste)</onfocus>

	<onfocus>Skin.Reset(Subslot10_04Category)</onfocus>
	<onfocus>Skin.Reset(Subslot10_05Icon)</onfocus>
	<onfocus>Skin.Reset(Subslot10_05Title)</onfocus>
	<onfocus>Skin.Reset(Subslot10_05Click)</onfocus>
	<onfocus>Skin.Reset(Subslot10_05Playliste)</onfocus>

	<onfocus>Skin.Reset(Subslot10_05Category)</onfocus>
	<onfocus>Skin.Reset(Subslot10_06Icon)</onfocus>
	<onfocus>Skin.Reset(Subslot10_06Title)</onfocus>
	<onfocus>Skin.Reset(Subslot10_06Click)</onfocus>
	<onfocus>Skin.Reset(Subslot10_06Playliste)</onfocus>

	<onfocus>Skin.Reset(Subslot10_06Category)</onfocus>
	<onfocus condition="Stringcompare(Skin.String(AKNMenueProperties),ResetMenue)">SetFocus(130)</onfocus><!-- menue löschen -->
	<onfocus condition="Stringcompare(Skin.String(AKNMenueProperties),DefaultMenue)">SetFocus(130)</onfocus><!-- menue löschen -->
	<onfocus condition="Stringcompare(Skin.String(AKNMenueProperties),Standard)">SetFocus(130)</onfocus><!-- alles -->
	<onfocus condition="Stringcompare(Skin.String(AKNMenueProperties),Slot10Reset)">SetFocus(142)</onfocus><!-- close -->
	<include>Hiddencontrol</include>
</control>

<control type="button" id="130"><!-- slot 11 reset -->
	<onclick>noop</onclick>
	<onfocus>Skin.Reset(Mainslot11Icon)</onfocus>
	<onfocus>Skin.Reset(Mainslot11Title)</onfocus>
	<onfocus>Skin.Reset(Mainslot11Click)</onfocus>
	<onfocus>Skin.Reset(Mainslot11Playliste)</onfocus>
	<onfocus>Skin.Reset(Mainslot11WidgetContent)</onfocus>
	<onfocus>Skin.Reset(Mainslot11WidgetTarget)</onfocus>
	<onfocus>Skin.Reset(Mainslot11WidgetTitle)</onfocus>
	<onfocus>Skin.Reset(Mainslot11WidgetCategory)</onfocus>
	<onfocus>Skin.Reset(Subslot11_01Icon)</onfocus>
	<onfocus>Skin.Reset(Subslot11_01Title)</onfocus>
	<onfocus>Skin.Reset(Subslot11_01Click)</onfocus>
	<onfocus>Skin.Reset(Subslot11_01Playliste)</onfocus>

	<onfocus>Skin.Reset(Subslot11_01Category)</onfocus>
	<onfocus>Skin.Reset(Subslot11_02Icon)</onfocus>
	<onfocus>Skin.Reset(Subslot11_02Title)</onfocus>
	<onfocus>Skin.Reset(Subslot11_02Click)</onfocus>
	<onfocus>Skin.Reset(Subslot11_02Playliste)</onfocus>

	<onfocus>Skin.Reset(Subslot11_02Category)</onfocus>
	<onfocus>Skin.Reset(Subslot11_03Icon)</onfocus>
	<onfocus>Skin.Reset(Subslot11_03Title)</onfocus>
	<onfocus>Skin.Reset(Subslot11_03Click)</onfocus>
	<onfocus>Skin.Reset(Subslot11_03Playliste)</onfocus>

	<onfocus>Skin.Reset(Subslot11_03Category)</onfocus>
	<onfocus>Skin.Reset(Subslot11_04Icon)</onfocus>
	<onfocus>Skin.Reset(Subslot11_04Title)</onfocus>
	<onfocus>Skin.Reset(Subslot11_04Click)</onfocus>
	<onfocus>Skin.Reset(Subslot11_04Playliste)</onfocus>

	<onfocus>Skin.Reset(Subslot11_04Category)</onfocus>
	<onfocus>Skin.Reset(Subslot11_05Icon)</onfocus>
	<onfocus>Skin.Reset(Subslot11_05Title)</onfocus>
	<onfocus>Skin.Reset(Subslot11_05Click)</onfocus>
	<onfocus>Skin.Reset(Subslot11_05Playliste)</onfocus>

	<onfocus>Skin.Reset(Subslot11_05Category)</onfocus>
	<onfocus>Skin.Reset(Subslot11_06Icon)</onfocus>
	<onfocus>Skin.Reset(Subslot11_06Title)</onfocus>
	<onfocus>Skin.Reset(Subslot11_06Click)</onfocus>
	<onfocus>Skin.Reset(Subslot11_06Playliste)</onfocus>

	<onfocus>Skin.Reset(Subslot11_06Category)</onfocus>
	<onfocus condition="Stringcompare(Skin.String(AKNMenueProperties),ResetMenue)">SetFocus(131)</onfocus><!-- menue löschen -->
	<onfocus condition="Stringcompare(Skin.String(AKNMenueProperties),DefaultMenue)">SetFocus(131)</onfocus><!-- menue löschen -->
	<onfocus condition="Stringcompare(Skin.String(AKNMenueProperties),Standard)">SetFocus(131)</onfocus><!-- alles -->
	<onfocus condition="Stringcompare(Skin.String(AKNMenueProperties),Slot11Reset)">SetFocus(142)</onfocus><!-- close -->
	<include>Hiddencontrol</include>
</control>

<control type="button" id="131"><!-- slot 12 reset -->
	<onclick>noop</onclick>
	<onfocus>Skin.Reset(Mainslot12Icon)</onfocus>
	<onfocus>Skin.Reset(Mainslot12Title)</onfocus>
	<onfocus>Skin.Reset(Mainslot12Click)</onfocus>
	<onfocus>Skin.Reset(Mainslot12Playliste)</onfocus>
	<onfocus>Skin.Reset(Mainslot12WidgetContent)</onfocus>
	<onfocus>Skin.Reset(Mainslot12WidgetTarget)</onfocus>
	<onfocus>Skin.Reset(Mainslot12WidgetTitle)</onfocus>
	<onfocus>Skin.Reset(Mainslot12WidgetCategory)</onfocus>
	<onfocus>Skin.Reset(Subslot12_01Icon)</onfocus>
	<onfocus>Skin.Reset(Subslot12_01Title)</onfocus>
	<onfocus>Skin.Reset(Subslot12_01Click)</onfocus>
	<onfocus>Skin.Reset(Subslot12_01Playliste)</onfocus>
	<onfocus>Skin.Reset(Subslot12_01Category)</onfocus>
	<onfocus>Skin.Reset(Subslot12_02Icon)</onfocus>
	<onfocus>Skin.Reset(Subslot12_02Title)</onfocus>
	<onfocus>Skin.Reset(Subslot12_02Click)</onfocus>
	<onfocus>Skin.Reset(Subslot12_02Playliste)</onfocus>
	<onfocus>Skin.Reset(Subslot12_02Category)</onfocus>
	<onfocus>Skin.Reset(Subslot12_03Icon)</onfocus>
	<onfocus>Skin.Reset(Subslot12_03Title)</onfocus>
	<onfocus>Skin.Reset(Subslot12_03Click)</onfocus>
	<onfocus>Skin.Reset(Subslot12_03Playliste)</onfocus>
	<onfocus>Skin.Reset(Subslot12_03Category)</onfocus>
	<onfocus>Skin.Reset(Subslot12_04Icon)</onfocus>
	<onfocus>Skin.Reset(Subslot12_04Title)</onfocus>
	<onfocus>Skin.Reset(Subslot12_04Click)</onfocus>
	<onfocus>Skin.Reset(Subslot12_04Playliste)</onfocus>
	<onfocus>Skin.Reset(Subslot12_04Category)</onfocus>
	<onfocus>Skin.Reset(Subslot12_05Icon)</onfocus>
	<onfocus>Skin.Reset(Subslot12_05Title)</onfocus>
	<onfocus>Skin.Reset(Subslot12_05Click)</onfocus>
	<onfocus>Skin.Reset(Subslot12_05Playliste)</onfocus>
	<onfocus>Skin.Reset(Subslot12_05Category)</onfocus>
	<onfocus>Skin.Reset(Subslot12_06Icon)</onfocus>
	<onfocus>Skin.Reset(Subslot12_06Title)</onfocus>
	<onfocus>Skin.Reset(Subslot12_06Click)</onfocus>
	<onfocus>Skin.Reset(Subslot12_06Playliste)</onfocus>
	<onfocus>Skin.Reset(Subslot12_06Category)</onfocus>
	<onfocus condition="Stringcompare(Skin.String(AKNMenueProperties),Standard)">SetFocus(1320)</onfocus>
	<onfocus condition="Stringcompare(Skin.String(AKNMenueProperties),ResetMenue)">SetFocus(350)</onfocus>
	<onfocus condition="Stringcompare(Skin.String(AKNMenueProperties),DefaultMenue)">SetFocus(1320)</onfocus>
	<onfocus condition="Stringcompare(Skin.String(AKNMenueProperties),Slot12Reset)">SetFocus(142)</onfocus><!-- close -->
	<include>Hiddencontrol</include>
</control>
	
<control type="button" id="1320"><!-- slot 1 default build -->
	<!-- Hauptmenue Settings Standard -->
	<!-- Slot1 aus -->
	<onfocus>Skin.SetString(Mainslot1Title,$LOCALIZE[31767])</onfocus>
	<onfocus>Skin.SetString(Mainslot1Click,ActivateWindow(shutdownmenu))</onfocus>
	<onfocus>Skin.SetString(Mainslot1Icon,special://skin/extras/windows/shutdown.jpg)</onfocus><!-- background -->
	<onfocus condition="Stringcompare(Skin.String(AKNMenueProperties),Standard)">SetFocus(1321)</onfocus>
	<onfocus condition="Stringcompare(Skin.String(AKNMenueProperties),DefaultMenue)">SetFocus(1321)</onfocus>
	<onfocus condition="Stringcompare(Skin.String(AKNMenueProperties),Slot1Reset)">SetFocus(142)</onfocus><!-- close -->
	<include>Hiddencontrol</include>
</control>

<control type="button" id="1321"><!-- slot 2 default build -->
	<!-- Slot2 Movies -->
	<onfocus>Skin.SetString(Mainslot2Title,$LOCALIZE[31755])</onfocus>
	<onfocus>Skin.SetString(Mainslot2Click,ActivateWindow(videos,movietitles,return))</onfocus>
	<onfocus>Skin.SetString(Mainslot2Icon,special://skin/extras/windows/movies.jpg)</onfocus><!-- background -->
	<!-- Subslots 2 - Slot1 -->
	<onfocus>Skin.SetString(Subslot2_01Title,$LOCALIZE[31858])</onfocus>
	<onfocus>Skin.SetString(Subslot2_01Click,ActivateWindow(videos,recentlyaddedmovies,return))</onfocus>
	<!-- Subslots 2 - Slot2 -->
	<onfocus>Skin.SetString(Subslot2_02Title,$LOCALIZE[31856])</onfocus>
	<onfocus>Skin.SetString(Subslot2_02Click,ActivateWindow(videos,moviesets,return))</onfocus>

	<!-- Subslots 2 - Slot3 -->
	<onfocus>Skin.SetString(Subslot2_03Title,$LOCALIZE[31852])</onfocus>
	<onfocus>Skin.SetString(Subslot2_03Click,ActivateWindow(videos,moviegenres,return))</onfocus>

	<!-- Slot2 - Widget -->
	<onfocus>Skin.SetString(Mainslot2WidgetContent,special://skin/playlists/movies_random.xsp)</onfocus>
	<onfocus>Skin.SetString(Mainslot2WidgetTarget,videos)</onfocus>
	<onfocus>Skin.SetString(Mainslot2WidgetOpenClick,ActivateWindow(Videos,special://skin/playlists/movies_random.xsp,return))</onfocus>
	<onfocus>Skin.SetString(Mainslot2WidgetTitle,$LOCALIZE[31775])</onfocus>
	<onfocus>Skin.SetString(Mainslot2WidgetCategory,movie)</onfocus>
	<onfocus condition="Stringcompare(Skin.String(AKNMenueProperties),Standard)">SetFocus(1322)</onfocus>
	<onfocus condition="Stringcompare(Skin.String(AKNMenueProperties),DefaultMenue)">SetFocus(1322)</onfocus>
	<onfocus condition="Stringcompare(Skin.String(AKNMenueProperties),Slot2Reset)">SetFocus(142)</onfocus><!-- close -->
	<include>Hiddencontrol</include>
</control>
	
<control type="button" id="1322"><!-- slot 3 default build -->
	<!-- Slot3 Tvshows -->
	<onfocus>Skin.SetString(Mainslot3Title,$LOCALIZE[31753])</onfocus>
	<onfocus>Skin.SetString(Mainslot3Click,ActivateWindow(videos,tvshowtitles,return))</onfocus>
	<onfocus>Skin.SetString(Mainslot3Icon,special://skin/extras/windows/tvshows.jpg)</onfocus><!-- background -->
	<!-- Subslots 3 - Slot1 -->
	<onfocus>Skin.SetString(Subslot3_01Title,$LOCALIZE[31868])</onfocus>
	<onfocus>Skin.SetString(Subslot3_01Click,ActivateWindow(videos,recentlyaddedepisodes,return))</onfocus>

	<!-- Subslots 3 - Slot2 -->
	<onfocus>Skin.SetString(Subslot3_02Title,$LOCALIZE[31864])</onfocus>
	<onfocus>Skin.SetString(Subslot3_02Click,ActivateWindow(videos,tvshowgenres,return))</onfocus>

	<!-- Subslots 3 - Slot3 -->
	<onfocus>Skin.SetString(Subslot3_03Title,$LOCALIZE[31869])</onfocus>
	<onfocus>Skin.SetString(Subslot3_03Click,ActivateWindow(Videos,library://video/inprogressshows.xml,return))</onfocus>

	<!-- Slot3 - Widget -->
	<onfocus condition="System.HasAddon(service.library.data.provider)">Skin.SetString(Mainslot3WidgetContent,plugin://service.library.data.provider?type=recommendedepisodes&amp;reload=$INFO[Window(Home).Property(recommendedepisodes)])</onfocus>
	<onfocus condition="System.HasAddon(service.library.data.provider)">Skin.SetString(Mainslot3WidgetTarget,videos)</onfocus>
	<onfocus condition="System.HasAddon(service.library.data.provider)">Skin.SetString(Mainslot3WidgetOpenClick,ActivateWindow(Videos,plugin://service.library.data.provider?type=recommendedepisodes,return))</onfocus>
	<onfocus condition="System.HasAddon(service.library.data.provider)">Skin.SetString(Mainslot3WidgetTitle,$LOCALIZE[31799])</onfocus>
	<onfocus condition="System.HasAddon(service.library.data.provider) ">Skin.SetString(Mainslot3WidgetCategory,episode)</onfocus>
	<onfocus condition="Stringcompare(Skin.String(AKNMenueProperties),Standard)">SetFocus(1323)</onfocus>
	<onfocus condition="Stringcompare(Skin.String(AKNMenueProperties),DefaultMenue)">SetFocus(1323)</onfocus>
	<onfocus condition="Stringcompare(Skin.String(AKNMenueProperties),Slot3Reset)">SetFocus(142)</onfocus><!-- close -->
	<include>Hiddencontrol</include>
</control>
		
<control type="button" id="1323"><!-- slot 4 default build -->
	<!-- Slot4 PVR -->
	<onfocus condition="Pvr.HasTVChannels">Skin.SetString(Mainslot4Title,$LOCALIZE[31756])</onfocus>
	<onfocus condition="Pvr.HasTVChannels">Skin.SetString(Mainslot4Click,ActivateWindow(TVChannels))</onfocus>
	<onfocus condition="Pvr.HasTVChannels">Skin.SetString(Mainslot4Icon,special://skin/extras/windows/livetv.jpg)</onfocus><!-- background -->
	<!-- Subslots 4 - Slot1 -->
	<onfocus condition="Pvr.HasTVChannels">Skin.SetString(Subslot4_01Title,$LOCALIZE[31895])</onfocus>
	<onfocus condition="Pvr.HasTVChannels">Skin.SetString(Subslot4_01Click,ActivateWindow(TVSearch))</onfocus>
	<!-- Subslots 4 - Slot2 -->
	<onfocus condition="Pvr.HasTVChannels">Skin.SetString(Subslot4_02Title,$LOCALIZE[31896])</onfocus>
	<onfocus condition="Pvr.HasTVChannels">Skin.SetString(Subslot4_02Click,ActivateWindow(TVGuide))</onfocus>
	<!-- Subslots 4 - Slot3 -->
	<onfocus condition="Pvr.HasTVChannels">Skin.SetString(Subslot4_03Title,$LOCALIZE[31897])</onfocus>
	<onfocus condition="Pvr.HasTVChannels">Skin.SetString(Subslot4_03Click,ActivateWindow(TVRecordings))</onfocus>
	<!-- Subslots 4 - Slot4 -->
	<onfocus condition="Pvr.HasTVChannels">Skin.SetString(Subslot4_04Title,$LOCALIZE[31898])</onfocus>
	<onfocus condition="Pvr.HasTVChannels">Skin.SetString(Subslot4_04Click,ActivateWindow(pvrsettings))</onfocus>
	<!-- Slot4 - Widget -->
	<onfocus condition="Pvr.HasTVChannels">Skin.SetString(Mainslot4WidgetContent,pvr://channels/tv/All&amp;channels)</onfocus>
	<onfocus condition="Pvr.HasTVChannels">Skin.reset(Mainslot4WidgetTarget)</onfocus>
	<onfocus condition="Pvr.HasTVChannels">Skin.SetString(Mainslot4WidgetOpenClick,ActivateWindow(TVChannels))</onfocus>
	<onfocus condition="Pvr.HasTVChannels">Skin.SetString(Mainslot4WidgetTitle,$LOCALIZE[31820])</onfocus>
	<onfocus condition="Pvr.HasTVChannels">Skin.SetString(Mainslot4WidgetCategory,pvrcontentall)</onfocus>
	<onfocus condition="Stringcompare(Skin.String(AKNMenueProperties),Standard)">SetFocus(1324)</onfocus>
	<onfocus condition="Stringcompare(Skin.String(AKNMenueProperties),DefaultMenue)">SetFocus(1324)</onfocus>
	<onfocus condition="Stringcompare(Skin.String(AKNMenueProperties),Slot4Reset)">SetFocus(142)</onfocus><!-- close -->
	<include>Hiddencontrol</include>
</control>
			
<control type="button" id="1324"><!-- slot 5 default build -->
	<!-- Slot5 Music -->
	<onfocus>Skin.SetString(Mainslot5Title,$LOCALIZE[31758])</onfocus>
	<onfocus>Skin.SetString(Mainslot5Click,ActivateWindow(Music,Albums,return))</onfocus>
	<onfocus>Skin.SetString(Mainslot5Icon,special://skin/extras/windows/music.jpg)</onfocus><!-- background -->
	<!-- Subslots 5 - Slot1 -->
	<onfocus>Skin.SetString(Subslot5_01Title,$LOCALIZE[31879])</onfocus>
	<onfocus>Skin.SetString(Subslot5_01Click,ActivateWindow(Music,RecentlyPlayedAlbums,return))</onfocus>
	<!-- Subslots 5 - Slot2 -->
	<onfocus>Skin.SetString(Subslot5_02Title,$LOCALIZE[31875])</onfocus>
	<onfocus>Skin.SetString(Subslot5_02Click,ActivateWindow(Music,Genres,return))</onfocus>
	<!-- Subslots 5 - Slot3 -->
	<onfocus>Skin.SetString(Subslot5_03Title,$LOCALIZE[31876])</onfocus>
	<onfocus>Skin.SetString(Subslot5_03Click,ActivateWindow(Music,Artists,return))</onfocus>
	<!-- Subslots 5 - Slot4 -->
	<onfocus>Skin.SetString(Subslot5_04Title,$LOCALIZE[31874])</onfocus>
	<onfocus>Skin.SetString(Subslot5_04Click,ActivateWindow(Music,Songs,return))</onfocus>
	<!-- Subslots 5 - Slot5 -->
	<onfocus>Skin.SetString(Subslot5_05Title,$LOCALIZE[31871])</onfocus>
	<onfocus>Skin.SetString(Subslot5_05Click,ActivateWindow(Music,Files,return))</onfocus>
	<!-- Slot5 - Widget -->
	<onfocus>Skin.SetString(Mainslot5WidgetContent,special://skin/playlists/music_albums_recent.xsp)</onfocus>
	<onfocus>Skin.SetString(Mainslot5WidgetTarget,Music)</onfocus>
	<onfocus>Skin.SetString(Mainslot5WidgetOpenClick,ActivateWindow(Music,special://skin/playlists/music_albums_recent.xsp,return))</onfocus>
	<onfocus>Skin.SetString(Mainslot5WidgetTitle,$LOCALIZE[31800])</onfocus>
	<onfocus>Skin.SetString(Mainslot5WidgetCategory,album)</onfocus>
	<onfocus condition="Stringcompare(Skin.String(AKNMenueProperties),Standard)">SetFocus(1325)</onfocus>
	<onfocus condition="Stringcompare(Skin.String(AKNMenueProperties),DefaultMenue)">SetFocus(1325)</onfocus>
	<onfocus condition="Stringcompare(Skin.String(AKNMenueProperties),Slot5Reset)">SetFocus(142)</onfocus><!-- close -->
	<include>Hiddencontrol</include>
</control>

<control type="button" id="1325"><!-- slot 6 default build -->
	<!-- Slot6 radio -->
	<onfocus condition="Pvr.HasRadioChannels">Skin.SetString(Mainslot6Icon,special://skin/extras/windows/livetv.jpg)</onfocus><!-- background -->
	<onfocus condition="Pvr.HasRadioChannels">Skin.SetString(Mainslot6Title,$LOCALIZE[31757])</onfocus>
	<onfocus condition="Pvr.HasRadioChannels">Skin.SetString(Mainslot6Click,ActivateWindow(RadioChannels))</onfocus>
	<!-- Subslots 6 - Slot1 -->
	<onfocus condition="Pvr.HasRadioChannels">Skin.SetString(Subslot6_01Title,$LOCALIZE[31901])</onfocus>
	<onfocus condition="Pvr.HasRadioChannels">Skin.SetString(Subslot6_01Click,ActivateWindow(radiotimers))</onfocus>
	<!-- Subslots 6 - Slot2 -->
	<onfocus condition="Pvr.HasRadioChannels">Skin.SetString(Subslot6_02Title,$LOCALIZE[31903])</onfocus>
	<onfocus condition="Pvr.HasRadioChannels">Skin.SetString(Subslot6_02Click,ActivateWindow(radioguide))</onfocus>
	<!-- Subslots 6 - Slot3 -->
	<onfocus condition="Pvr.HasRadioChannels">Skin.SetString(Subslot6_03Title,$LOCALIZE[31902])</onfocus>
	<onfocus condition="Pvr.HasRadioChannels">Skin.SetString(Subslot6_03Click,ActivateWindow(radiorecordings))</onfocus>
	<!-- Subslots 6 - Slot4 -->
	<onfocus condition="Pvr.HasRadioChannels">Skin.SetString(Subslot6_04Title,$LOCALIZE[31904])</onfocus>
	<onfocus condition="Pvr.HasRadioChannels">Skin.SetString(Subslot6_04Click,ActivateWindow(radiosearch))</onfocus>
	<!-- Slot6 - Widget -->
	<onclick condition="Pvr.HasRadioChannels + System.HasAddon(plugin.audio.radio_de)">Skin.SetBool(RadioAddon)</onclick>
	<onfocus condition="Pvr.HasRadioChannels + System.HasAddon(plugin.audio.radio_de)">Skin.SetString(Mainslot6WidgetContent,plugin://plugin.audio.radio_de/stations/recommended/)</onfocus>
	<onfocus condition="Pvr.HasRadioChannels + System.HasAddon(plugin.audio.radio_de)">Skin.SetString(Mainslot6WidgetTarget,Music)</onfocus>
	<onfocus condition="Pvr.HasRadioChannels + System.HasAddon(plugin.audio.radio_de)">Skin.SetString(Mainslot6WidgetOpenClick,ActivateWindow(1117))</onfocus>
	<onfocus condition="Pvr.HasRadioChannels + System.HasAddon(plugin.audio.radio_de)">Skin.SetString(Mainslot6WidgetTitle,$LOCALIZE[31823])</onfocus>
	<onfocus condition="Pvr.HasRadioChannels + System.HasAddon(plugin.audio.radio_de)">Skin.SetString(Mainslot6WidgetCategory,song)</onfocus>
	<onfocus condition="Stringcompare(Skin.String(AKNMenueProperties),Standard)">SetFocus(1326)</onfocus>
	<onfocus condition="Stringcompare(Skin.String(AKNMenueProperties),DefaultMenue)">SetFocus(1326)</onfocus>
	<onfocus condition="Stringcompare(Skin.String(AKNMenueProperties),Slot6Reset)">SetFocus(142)</onfocus><!-- close -->
	<include>Hiddencontrol</include>
</control>
	
<control type="button" id="1326"><!-- slot 7 default build -->
	<!-- Slot7 addonbrowser -->
	<onfocus>Skin.SetString(Mainslot7Title,$LOCALIZE[31765])</onfocus>
	<onfocus>Skin.SetString(Mainslot7Click,ActivateWindow(addonbrowser))</onfocus>
	<onfocus>Skin.SetString(Mainslot7Icon,special://skin/extras/windows/addons.jpg)</onfocus><!-- background -->
	<onfocus condition="Stringcompare(Skin.String(AKNMenueProperties),Standard)">SetFocus(1327)</onfocus>
	<onfocus condition="Stringcompare(Skin.String(AKNMenueProperties),DefaultMenue)">SetFocus(1327)</onfocus>
	<onfocus condition="Stringcompare(Skin.String(AKNMenueProperties),Slot7Reset)">SetFocus(142)</onfocus><!-- close -->
	<include>Hiddencontrol</include>
</control>

<control type="button" id="1327"><!-- slot 8 default build -->
	<!-- Slot8 weather -->
	<onfocus>Skin.SetString(Mainslot8Title,$LOCALIZE[31762])</onfocus>
	<onfocus>Skin.SetString(Mainslot8Click,ActivateWindow(weather))</onfocus>
	<onfocus>Skin.SetString(Mainslot8Icon,special://skin/extras/windows/weather.jpg)</onfocus><!-- background -->
	<onfocus condition="Stringcompare(Skin.String(AKNMenueProperties),Standard)">SetFocus(1328)</onfocus>
	<onfocus condition="Stringcompare(Skin.String(AKNMenueProperties),DefaultMenue)">SetFocus(1328)</onfocus>
	<onfocus condition="Stringcompare(Skin.String(AKNMenueProperties),Slot8Reset)">SetFocus(142)</onfocus><!-- close -->
	<include>Hiddencontrol</include>
</control>

<control type="button" id="1328"><!-- slot 9 default build -->
	<!-- Slot9 setting -->
	<onfocus>Skin.SetString(Mainslot9Title,$LOCALIZE[31764])</onfocus>
	<onfocus>Skin.SetString(Mainslot9Click,ActivateWindow(settings))</onfocus>
	<onfocus>Skin.SetString(Mainslot9Icon,special://skin/extras/windows/setting.jpg)</onfocus><!-- background -->
	<!-- Subslot - Slot1 -->
	<onfocus>Skin.SetString(Subslot9_01Title,$LOCALIZE[31912])</onfocus>
	<onfocus>Skin.SetString(Subslot9_01Click,ActivateWindow(skinsettings))</onfocus>
	<!-- Subslot - Slot2 -->
	<onfocus>Skin.SetString(Subslot9_02Title,$LOCALIZE[31913])</onfocus>
	<onfocus>Skin.SetString(Subslot9_02Click,ActivateWindow(1110))</onfocus>
	<onfocus condition="Stringcompare(Skin.String(AKNMenueProperties),Standard)">SetFocus(1329)</onfocus>
	<onfocus condition="Stringcompare(Skin.String(AKNMenueProperties),DefaultMenue)">SetFocus(1329)</onfocus>
	<onfocus condition="Stringcompare(Skin.String(AKNMenueProperties),Slot9Reset)">SetFocus(142)</onfocus><!-- close -->
	<include>Hiddencontrol</include>
</control>

<control type="button" id="1329"><!-- slot 13 dvd build -->
	<!-- Slot9 setting -->
	<onfocus>Skin.SetString(Mainslot9Icon,special://skin/extras/windows/dvd.jpg)</onfocus><!-- background -->
	<onfocus condition="Stringcompare(Skin.String(AKNMenueProperties),Standard)">SetFocus(900)</onfocus>
	<onfocus condition="Stringcompare(Skin.String(AKNMenueProperties),DefaultMenue)">SetFocus(10)</onfocus>
	<include>Hiddencontrol</include>
</control>

<control type="button" id="900"><!-- grundeinstellungen -->
	<include>Hiddencontrol</include>
	<onclick>noop</onclick>
	<onfocus condition="String.IsEqual(Skin.String(AKNMenueProperties),Standard)">Skin.SetString(defaultsettings,7)</onfocus><!-- defaultsetting string fuer Fehler und neuladen wenn nicht gesetzt -->
	<onfocus condition="System.HasAddon(script.artwork.downloader)">Skin.SetBool(libraryautoartworkupdate)</onfocus><!-- Artwokdownloder autoupdate -->
	<onfocus condition="!System.HasAddon(script.artwork.downloader)">Skin.reset(libraryautoartworkupdate)</onfocus><!-- Artwokdownloder autoupdate -->
	<onfocus condition="System.HasAddon(enable.smartish.widgets)">Skin.SetBool(enable.smartish.widgets)</onfocus><!-- smartish.widgets script -->
	<onfocus condition="!System.HasAddon(enable.smartish.widgets)">Skin.reset(enable.smartish.widgets)</onfocus><!-- smartish.widgets script -->
	<onfocus>Skin.SetString(weather_mode,7days)</onfocus><!-- Home Weathermodus -->
	
	<!-- color reset -->
	<onfocus>Skin.reset(shadowcolor)</onfocus>
	<onfocus>Skin.reset(progresscolor)</onfocus>
	<onfocus>Skin.reset(starratingcolor)</onfocus>
	<onfocus>Skin.reset(userratingcolor)</onfocus>
	<onclick>Skin.Reset(watched_overlay_color)</onclick>
	<onclick>Skin.Reset(ongoing_overlay_color)</onclick>
	<onclick>Skin.Reset(new_overlay_color)</onclick>
	<onclick>Skin.Reset(set_overlay_color)</onclick>
	<!-- Overlay -->
	<onfocus>Skin.SetString(OverlaySet,1)</onfocus><!-- Overlay Style Default -->
	
	<!-- video osd -->
	<onfocus>Skin.SetString(DefaultFullscreeninfolayout,oben)</onfocus>
	<onfocus>Skin.SetString(DefaultFullscreeninfotextlayout,Poster)</onfocus>
	<onfocus>Skin.SetString(DefaultFullscreeninfoposition,3)</onfocus>
	<onfocus>Skin.setbool(DefaultFullscreeninfopanelCDart)</onfocus>
	<onfocus>Skin.SetString(DefaultFullscreeninfobottomflagbar,Default)</onfocus>
	<onfocus>Skin.setbool(StillwatchingOSDoverlay)</onfocus>
	<onfocus>skin.setstring(FSLogo,4)</onfocus>
	<onfocus>AlarmClock(Nextstep,SetFocus(901),0:06,true)</onfocus>
</control>

<control type="button" id="901">
	<include>Hiddencontrol</include>
	<onclick>noop</onclick>
	<!-- Views auswahl -->
	<onfocus>skin.setstring(FilmViewtype,Filelist)</onfocus>
	<onfocus>skin.setstring(PLS_FilmViewtype,Filelist)</onfocus>
	<onfocus>skin.setstring(TVViewtype,Filelist)</onfocus>
	<onfocus>skin.setstring(PLS_TVViewtype,Filelist)</onfocus>
	<onfocus>skin.setstring(StaffelViewtype,Filelist)</onfocus>
	<onfocus>skin.setstring(EpisodeViewtype,Filelist)</onfocus>
	<onfocus>skin.setstring(PLS_EpisodeViewtype,Filelist)</onfocus>
	<onfocus>skin.setstring(GenreViewtype,Filelist)</onfocus>
	<onfocus>skin.setstring(AlbumViewtype,Filelist)</onfocus>
	<onfocus>skin.setstring(ArtistViewtype,Filelist)</onfocus>
	<onfocus>skin.setstring(SongViewtype,Filelist)</onfocus>
	<onfocus>AlarmClock(Nextstep,SetFocus(902),0:06,true)</onfocus>
	<onfocus>Skin.SetString(Commonbackground.settings,special://skin/extras/windows/setting.jpg)</onfocus>
	<onfocus>Skin.SetString(Commonbackground.video,special://skin/extras/windows/video.jpg)</onfocus>
	<onfocus>Skin.SetString(Commonbackground.livetv,special://skin/extras/windows/livetv.jpg)</onfocus>
	<onfocus>Skin.SetString(Commonbackground.music,special://skin/extras/windows/music.jpg)</onfocus>
	<onfocus>Skin.SetString(Commonbackground.favorites,special://skin/extras/windows/favorites.jpg)</onfocus>
	<onfocus>Skin.SetString(Commonbackground.pictures,special://skin/extras/windows/pictures.jpg)</onfocus>
	<onfocus>Skin.SetString(Commonbackground.addons,special://skin/extras/windows/addons.jpg)</onfocus>
	<onfocus>Skin.SetString(Commonbackground.shutdown,special://skin/extras/windows/shutdown.jpg)</onfocus>
</control>

<control type="button" id="902">
	<include>Hiddencontrol</include>
	<onclick>noop</onclick>
	<!-- Views Artwork settings -->
	<!-- Bannerinfo -->
	<onfocus>Skin.SetString(BannerinfoRow1,Clear-Art)</onfocus><!-- clearart -->
	<onfocus>Skin.SetString(BannerinfoRow2,Plot)</onfocus><!-- Plot -->
	<onfocus>Skin.SetString(BannerinfoRow3,Info)</onfocus><!-- info -->
	<onfocus>Skin.SetString(BannerinfoFallbackRow1,Landscape)</onfocus><!-- Landscape -->
	<onfocus>Skin.reset(BannerinfoFallbackRow2)</onfocus><!-- nicht verfuegbar -->
	<onfocus>Skin.SetString(BannerinfoFallbackRow3,Fanart)</onfocus><!-- extra fanart -->
	<onfocus>Skin.SetString(BannerinfoListRows,2)</onfocus><!-- groesse -->
	<onfocus>Skin.SetString(Bannerinfopanel,alwayson)</onfocus><!-- panelinfo an -->
	<onfocus>Skin.reset(Bannerinfopanel_seconds)</onfocus><!-- panelinfo time reset-->
	<!-- Lowlist -->
	<onfocus>Skin.SetString(LowlistinfoGroup,Plot)</onfocus><!-- Plot -->
	<onfocus>Skin.SetString(LowlistArtwork1,Clear-Art)</onfocus><!-- Clearart -->
	<onfocus>Skin.SetString(LowlistArtworkMid,Banner)</onfocus><!-- Banner -->
	<onfocus>Skin.SetString(LowlistRow2_3,Clear-Logo)</onfocus><!-- clearlogo -->
	<onfocus>Skin.SetString(LowlistRow2_2,Landscape)</onfocus><!-- landscape -->
	<onfocus>Skin.SetString(LowlistRow2_1,Extra-Fanart)</onfocus><!-- extra fanart -->
	<onfocus>Skin.SetString(LowlistinfoPanelRow1,Clear-Art)</onfocus><!-- Clear-Art -->
	<onfocus>Skin.SetString(LowlistinfoPanelRow2,Info)</onfocus><!-- Textinfo -->
	<onfocus>Skin.reset(LowlistinfoGroupFallback)</onfocus><!-- nichts da plot -->
	<onfocus>Skin.SetString(LowlistinfoFallbackArtwork,Empty space)</onfocus><!-- leerraum -->
	<onfocus>Skin.SetString(LowlistinfoFallbackArtworkMid,Empty space)</onfocus><!-- leerraum -->
	<onfocus>Skin.SetString(LowlistFallbackRow2_3,Empty space)</onfocus><!-- leerraum -->
	<onfocus>Skin.SetString(LowlistFallbackRow2_2,Remove empty space)</onfocus><!-- Leerraum entfernen -->
	<onfocus>Skin.SetString(LowlistFallbackRow2_1,Remove empty space)</onfocus><!-- Leerraum entfernen -->
	<onfocus>Skin.SetString(LowlistinfoPanelRow1Fallback,Fanart)</onfocus><!-- fanart -->
	<onfocus>Skin.SetString(Lowlistpanel,aus)</onfocus><!-- panelinfo aus -->
	<onfocus>Skin.reset(Lowlistpanel_seconds)</onfocus><!-- panelinfo time reset-->
	<onfocus>Skin.reset(nolowlistdiscart)</onfocus><!-- cdart -->
	<!-- landscape -->
	<onfocus>Skin.SetString(LandscapeEXRow1,Clear-Art)</onfocus><!-- Clear-Art -->
	<onfocus>Skin.SetString(LandscapeEXRow2,Plot)</onfocus><!-- Plot -->
	<onfocus>Skin.SetString(LandscapeEXRow3,Extra-Fanart)</onfocus><!-- Extra-Fanart -->
	<onfocus>Skin.SetString(LandscapeEXFallbackRow1,Landscape)</onfocus><!-- Landscape -->
	<onfocus>Skin.reset(LandscapeEXFallbackRow2)</onfocus><!-- nicht verfuegbar -->
	<onfocus>Skin.SetString(LandscapeEXFallbackRow3,Fanart)</onfocus><!-- extra fanart -->
	<onfocus>Skin.SetString(LandscapeEXContentIcons,Landscape)</onfocus><!-- listenicon Landscape -->
	<onfocus>Skin.SetString(LandscapeEXInfopanel,alwayson)</onfocus><!-- panelinfo aus -->
	<onfocus>Skin.reset(LandscapeEXinfopanel_seconds)</onfocus><!-- panelinfo time reset-->
	<!-- SimpleList -->
	<onfocus>Skin.SetString(SimpleListRow1,Clear-Logo)</onfocus><!-- logo -->
	<onfocus>Skin.SetString(SimpleListRow2,Plot)</onfocus><!-- Plot -->
	<onfocus>Skin.SetString(SimpleListRow3,Extra-Fanart)</onfocus><!-- extrafanart -->
	<onfocus>Skin.SetString(SimpleListFallbackRow1,Poster)</onfocus><!-- Poster -->
	<onfocus>Skin.reset(SimpleListFallbackRow2)</onfocus><!-- nicht verfuegbar -->
	<onfocus>Skin.SetString(SimpleListFallbackRow3,Fanart)</onfocus><!-- extra fanart -->
	<!-- Extended -->
	<onfocus>Skin.setbool(noextendedlistdiscart)</onfocus><!-- cdart -->
	<onfocus>Skin.SetString(ExtendedListMovieListstyle,BigList)</onfocus><!-- movie liststyle -->
	<onfocus>Skin.SetString(ExtendedListShowListstyle,BigList)</onfocus><!-- show liststyle -->
	<onfocus>Skin.SetString(ExtendedListSeasonListstyle,BigList)</onfocus><!-- Season liststyle -->
	<onfocus>Skin.SetString(ExtendedListEpisodeListstyle,SmallList)</onfocus><!-- episodes liststyle -->
	<onfocus>Skin.SetString(ExtendedListMovieArtwork1,Landscape)</onfocus><!-- movie artwork -->
	<onfocus>Skin.SetString(ExtendedListShowArtwork1,Clear-Logo)</onfocus><!-- show artwork -->
	<onfocus>Skin.SetString(ExtendedListSeasonsArtwork1,Landscape)</onfocus><!-- Season artwork -->
	<onfocus>Skin.SetString(ExtendedListEpisodesArtwork1,Thumb)</onfocus><!-- episodes artwork -->
	<onfocus>Skin.SetString(ExtendedListFallbackMovie,Fanart)</onfocus><!-- movie fallback artwork -->
	<onfocus>Skin.SetString(ExtendedListFallbackShow,Fanart)</onfocus><!-- show fallback artwork -->
	<onfocus>Skin.SetString(ExtendedListFallbackSeasons,Defaultpicture)</onfocus><!-- Season fallback artwork -->
	<onfocus>Skin.SetString(ExtendedListFallbackEpisodes,Fanart)</onfocus><!-- episodes fallback artwork -->
	<onfocus>Skin.SetString(ExtendedListMovieDetailInfo,Detailinfo)</onfocus><!-- movie textinfo -->
	<onfocus>Skin.SetString(ExtendedListShowDetailInfo,Detailinfo)</onfocus><!-- show textinfo -->
	<onfocus>Skin.SetString(ExtendedListSeasonDetailInfo,Detailinfo)</onfocus><!-- Season textinfo -->
	<onfocus>Skin.SetString(ExtendedListEpisodeDetailInfo,Plot)</onfocus><!-- episodes textinfo -->
	<!-- Set -->
	<onfocus>Skin.setstring(SetListArtwork,Extra-Fanart)</onfocus><!-- extra fanart -->
	<onfocus>Skin.setstring(SetListArtworkFalback,Landscape)</onfocus><!-- Landscape -->
	<onfocus>Skin.setstring(SetcontentBigArtwork,Fanart)</onfocus><!-- fanart -->
	<onfocus>Skin.setstring(SetcontentBigArtworkFalback,Fanart)</onfocus><!-- Fanart -->
	<onfocus>Skin.setstring(SetcontentSmallArtworkFalback,Landscape)</onfocus><!-- Landscape -->
	<onfocus>Skin.setstring(SetcontentSmallArtwork,Clear-Logo)</onfocus><!-- logo -->
	<!-- rightlist -->
	<onfocus>Skin.reset(RightlistinfoGroupFallback)</onfocus><!-- nicht verfuegbar -->
	<onfocus>Skin.setstring(RightlistinfoGroup,Plot)</onfocus><!-- plot -->
	<onfocus>Skin.setstring(RightlistFallbackArtworkMid,Empty space)</onfocus><!-- Leerraum -->
	<onfocus>Skin.setstring(RightlistArtworkMid,Clear-Art)</onfocus><!-- Clearart -->
	<onfocus>skin.reset(norightlistdiscart)</onfocus><!-- discart -->
	<!-- category -->
	<onfocus>Skin.setstring(CategoryBigArtwork,Extra-Fanart)</onfocus><!-- extra fanart -->
	<onfocus>Skin.setstring(CategorySmallArtwork,Clear-Logo)</onfocus><!-- logo -->
	<onfocus>Skin.setstring(CategoryBigArtworkFalback,Fanart)</onfocus><!-- fanart -->
	<onfocus>Skin.setstring(CategorySmallArtworkFalback,Defaultpicture)</onfocus><!-- defaultpicture -->
	<!-- posterlist -->
	<onfocus>Skin.SetString(PosterlistRow1,Clear-Art)</onfocus><!-- clearart -->
	<onfocus>Skin.SetString(PosterlistRow3,Content)</onfocus><!-- contet -->
	<onfocus>Skin.SetString(PosterlistRow2,Extra-Fanart)</onfocus><!-- extrafanart -->
	<onfocus>Skin.SetString(PosterlistFallbackRow1,Landscape)</onfocus><!-- Landscape -->
	<onfocus>Skin.reset(PosterlistFallbackRow2)</onfocus><!-- nicht verfuegbar -->
	<onfocus>Skin.SetString(PosterlistFallbackRow3,Fanart)</onfocus><!-- extra fanart -->
	<onfocus>Skin.SetString(Posterlistpanel,an)</onfocus><!-- panelinfo an -->
	<!-- dialogvideoinfo -->
	<onfocus>Skin.SetString(VideoinfoArtwork1,Clear-Logo)</onfocus><!-- logo -->
	<onfocus>AlarmClock(Nextstep,SetFocus(351),0:06,true)</onfocus>
</control>

<control type="button" id="142"><!-- close -->
	<onleft>noop</onleft>
	<onright>noop</onright>
	<onup>noop</onup>
	<ondown>noop</ondown>
	<include>Hiddencontrol</include>
	<onclick>noop</onclick>
	<onfocus>Dialog.Close(1118)</onfocus>
</control>

<control type="button" id="350"><!-- reload skin -->
	<onleft>noop</onleft>
	<onright>noop</onright>
	<onup>noop</onup>
	<ondown>noop</ondown>
	<include>Hiddencontrol</include>
	<onclick>noop</onclick>
	<onfocus>Dialog.Close(1118)</onfocus>
	<onfocus>ReloadSkin()</onfocus>
	<onfocus condition="Stringcompare(Skin.String(AKNMenueProperties),ResetMenue)">ActivateWindow(1110)</onfocus>
</control>
		
<control type="button" id="351"><!-- setings default reload skin -->
	<onleft>noop</onleft>
	<onright>noop</onright>
	<onup>noop</onup>
	<ondown>noop</ondown>
	<include>Hiddencontrol</include>
	<onclick>noop</onclick>
	<onfocus>Dialog.Close(1118)</onfocus>
	<!-- 
	<onfocus>ReloadSkin()</onfocus>-->
	<onfocus>ActivateWindow(startup)</onfocus>
</control>

<control type="button" id="352"><!-- channel widget ???? -->
	<onleft>noop</onleft>
	<onright>noop</onright>
	<onup>noop</onup>
	<ondown>noop</ondown>
	<include>Hiddencontrol</include>
	<onclick>Dialog.Close(1118)</onclick>
	<onclick condition="Stringcompare(Skin.String(AKNMenueProperties),Widgetchannelgroupselect)">ActivateWindow(1116)</onclick>
	<onclick condition="Stringcompare(Skin.String(AKNMenueProperties),Widgetradioselect)">ActivateWindow(1117)</onclick>
</control>
	
<!-- background -->
<control type="image">
	<description>Hintergrund</description>
	<width>1280</width>
	<height>720</height>
	<include>global_texture_heavy</include>
	<animation effect="fade" delay="300" start="0" end="100" time="280" tween="cubic" easing="out">WindowOpen</animation>
	<animation effect="fade" start="100" end="0" time="800" tween="cubic" easing="out">WindowClose</animation>
</control>
<control type="group">
	<animation type="WindowClose" reversible="false">
		<effect type="fade" time="900" start="100" end="0" tween="cubic" easing="out" />
	</animation>
	<animation type="Hidden" reversible="false">
		<effect type="slide" time="900" start="0,0" end="0,520" tween="back" easing="out" />
		<effect type="fade" time="900" start="100" end="0" tween="cubic" easing="out" />
	</animation>
	<!-- Text -->
	<control type="group">
		<animation type="WindowOpen" reversible="false">
			<effect type="fade" delay="100" time="600" start="0" end="100" tween="cubic" easing="out" />
		</animation>
		<!-- Logo texture -->
		<control type="group">
			<left>0</left>
			<top>0</top>
			<control type="image">
				<left>555</left>
				<top>180</top>
				<width>170</width>
				<height>170</height>
				<texture colordiffuse="ACSkinColor">logo_flex_sw.png</texture>
				<animation effect="rotatey" delay="1500" center="640,0" start="0" end="360" time="4000" loop="true" condition="!String.IsEmpty(Control.GetLabel(915))">Conditional</animation>
			 </control>
			 <control type="image">
				<left>555</left>
				<top>180</top>
				<width>170</width>
				<height>170</height>
				<texture colordiffuse="TextColor1">logo_flex_text.png</texture>
				<animation effect="rotatey" delay="1500" center="640,0" start="0"end="360" time="4000" loop="true" condition="!String.IsEmpty(Control.GetLabel(915))">Conditional</animation>
			 </control>
		</control>
		<control type="group"><!-- loadings text -->
			<control type="label">
				<description>Titel</description>
				<left>40</left>
				<top>330</top>
				<width>1200</width>
				<height>60</height>
				<font>SemiLarge</font>
				<align>center</align>
				<label>$VAR[value_defaultloader_title]</label>
			</control>
			<control type="label">
				<description>Subtitel step</description>
				<left>40</left>
				<top>410</top>
				<width>1200</width>
				<height>22</height>
				<align>center</align>
				<label>$VAR[value_defaultloader_reset1]</label>
			</control>
			<control type="textbox" id="915">
				<description>Subtitel step</description>
				<left>40</left>
				<top>430</top>
				<width>1200</width>
				<include>PlotNormal88</include>
				<align>center</align>
				<label>$VAR[value_defaultloader_reset2]</label>
			</control>
		</control>
	</control>
	<control type="group">
		<control type="button" id="10">
			<onclick>noop</onclick>
			<include>Hiddencontrol</include>
			<onfocus>AlarmClock(WindowLoad,SetFocus(11),00:05,silent)</onfocus>
		</control>
		<control type="button" id="11">
			<include>Hiddencontrol</include>
			<onclick>noop</onclick>
			<onfocus>Dialog.Close(1118)</onfocus>
			<onfocus>ActivateWindow(Home)</onfocus>
		</control>
	</control>
</control>

</controls>
</window>