<?xml version="1.0" encoding="UTF-8"?>
<window type="dialog" id="1115">
<defaultcontrol always="true">9000</defaultcontrol>
<onunload>ClearProperty(CustomMainslotIcon,1110)</onunload>
<controls>
<control type="group">
	<include>animation_topdialog_popup</include>
	<top>-20</top>
	<include>dialog_triplebar</include>
	<control type="grouplist" id="9000">
		<left>140</left>
		<top>50</top>
		<width>1000</width>
		<align>center</align>
		<itemgap>20</itemgap>
		<orientation>horizontal</orientation>
		<control type="button" id="11">
			<description>multi button</description>
			<width>200</width>
			<height>29</height>
			<align>center</align>
			<font>RegularSmall</font>
			<label>$LOCALIZE[31721]</label>
			<textoffsetx>5</textoffsetx>
			<onclick>Dialog.close(1115)</onclick>
			<onclick>Skin.SetPath($INFO[Window(1110).Property(CustomMainslotIcon)])</onclick>
		</control>
		<control type="button" id="10">
			<description>single button</description>
			<width>200</width>
			<height>29</height>
			<align>center</align>
			<font>RegularSmall</font>
			<label>$LOCALIZE[31722]</label>
			<textoffsetx>5</textoffsetx>
			<onclick>Dialog.close(1115)</onclick>
			<onclick>Skin.SetFile($INFO[Window(1110).Property(CustomMainslotIcon)],.jpg,special://skin/extras/windows/)</onclick>
		</control>
		<control type="button" id="12">
			<description>ressource button</description>
			<width>200</width>
			<height>29</height>
			<align>center</align>
			<font>RegularSmall</font>
			<label>Ressource</label>
			<textoffsetx>5</textoffsetx>
			<onclick>Dialog.close(1115)</onclick>
			<onclick condition="Skin.HasSetting(home.skinbackgrounds.flex.multi)">Skin.SetPath($INFO[Window(1110).Property(CustomMainslotIcon)],$INFO[Skin.string(home.skinbackgrounds.flex.path)])</onclick>
			<onclick condition="!Skin.HasSetting(home.skinbackgrounds.flex.multi)">Skin.SetFile($INFO[Window(1110).Property(CustomMainslotIcon)],.jpg,$INFO[Skin.string(home.skinbackgrounds.flex.path)])</onclick>
			<visible>!String.IsEmpty(Skin.string(home.skinbackgrounds.flex.path))</visible>
		</control>
	</control>
	<control type="grouplist">
		<orientation>horizontal</orientation>
		<top>24</top>
		<width>1280</width>
		<align>center</align>
		<itemgap>20</itemgap>
		<control type="label" id="1">
			<description>titel</description>
			<width min="100" max="600">auto</width>
			<height>20</height>
			<font>SemiNormal</font>
			<textcolor>TextColor1</textcolor>
			<label>$LOCALIZE[31730]</label>
		</control>
		<control type="label">
			<description>text</description>
			<width min="100" max="600">auto</width>
			<height>20</height>
			<textcolor>TextColor1</textcolor>
			<label>$LOCALIZE[31723]</label>
		</control>
	</control>
</control>








</controls>
</window>



