<?xml version="1.0" encoding="UTF-8"?>
<window type="dialog" id="1122">
<defaultcontrol always="true">11221</defaultcontrol>
<controls>
	<control type="button" id="11221"><!-- focus button-->
		<include>Hiddencontrol</include>
		<onfocus condition="String.IsEmpty(skin.string(PVROuicknavChannelgroup))">SetFocus(511)</onfocus>
		<onfocus condition="!String.IsEmpty(skin.string(PVROuicknavChannelgroup))">SetFocus(512)</onfocus>
		<onleft>SetFocus(511)</onleft>
		<onright>SetFocus(511)</onright>
		<onup>SetFocus(511)</onup>
		<ondown>SetFocus(511)</ondown>
	</control>
	<control type="list" id="647">
		<include>Compaircontainer</include>
		<content>pvr://channels/tv/</content>
	</control>
	<control type="group"><!-- channel list -->
		<left>310</left>
		<top>145</top>
		<include>animation_dialog_popup</include>
		<visible>![Window.IsActive(PVRGuideInfo) | Window.IsActive(PVRRecordingInfo) | Window.IsActive(PVRGuideSearch) | Window.IsActive(PVRTimerSetting) | ControlGroup(8888).HasFocus | Window.IsVisible(virtualkeyboard) | Window.IsVisible(contextmenu) | Window.IsVisible(numericinput) | Window.IsVisible(shutdownmenu) | Window.IsVisible(Custom_1120_Quicknavmenue.xml)]</visible>
		<control type="image">
			<description>schatten 8 elemente</description>
			<include>global_dialog_shadow_neu</include>
			<height>dialog-height8</height>
		</control>
		<control type="image">
			<description>hintergrund 8 elemente</description>
			<include>global_dialogbg_neu</include>
			<height>dialog-height8</height>
		</control>
		<control type="image">
			<description>background header</description>
			<include>dialog_headerfront_neu</include>
		</control>
		<control type="label">
			<description>header</description>
			<label>$LOCALIZE[19023]</label>
			<include>dialog_headertitle_neu</include>
			<visible>!Control.HasFocus(511)</visible>
		</control>
		<control type="panel" id="512"><!-- list -->
			<viewtype label="list">list</viewtype>
			<left>dialog-border</left>
			<top>dialog-inner-top</top>
			<width>dialog-inner-width</width>
			<height>280</height>
			<onleft>dialog.close(1122)</onleft><!-- close -->
			<onright>dialog.close(1122)</onright><!-- close -->
			<onup>SetFocus(511)</onup>
			<ondown>51</ondown>
			<pagecontrol>-</pagecontrol>
			<orientation>vertical</orientation>
			<scrolltime>350</scrolltime>
			<focusposition>1</focusposition>
			<itemlayout width="dialog-inner-width" height="dialog-itemheight"><!-- hight 35 -->
				<control type="image">
					<description>Channellogo</description>
					<left>20</left>
					<top>6</top>
					<width>35</width>
					<height>20</height>
					<texture fallback="defaultpictures/DefaultChannel.png" background="true">$INFO[ListItem.Icon]</texture>
					<aspectratio align="left">keep</aspectratio>
				</control>
				<control type="label">
					<description>ChannelNumber</description>
					<left>55</left>
					<width>40</width>
					<height>dialog-itemheight</height>
					<font>ChannelNumber-Normal</font>
					<align>right</align>
					<label>$INFO[ListItem.ChannelNumber]</label>
				</control>
				<control type="image">
					<description>Encrypt status</description>
					<left>115</left>
					<top>10</top>
					<width>32</width>
					<height>12</height>
					<aspectratio>keep</aspectratio>
					<texture colordiffuse="TextColor2">pvr/pvr_isencrypted.png</texture>
					<visible>ListItem.IsEncrypted</visible>
				</control>
				<control type="label">
					<description>channellabel</description>
					<left>115</left>
					<width>345</width>
					<height>dialog-itemheight</height>
					<textwidth>345</textwidth>
					<label>$INFO[ListItem.Label]</label>
					<animation effect="slide" end="33" time="0" condition="ListItem.IsEncrypted">Conditional</animation>
				</control>
			</itemlayout>
			<focusedlayout width="dialog-inner-width" height="dialog-itemheight">
				<control type="image">
					<width>dialog-inner-width</width>
					<height>dialog-itemheight</height>
					<include>global_listfocustexture</include>
					<visible>Control.HasFocus(512)</visible>
				</control>
				<control type="image">
					<description>Channellogo</description>
					<left>20</left>
					<top>6</top>
					<width>35</width>
					<height>20</height>
					<texture fallback="defaultpictures/DefaultChannel.png" background="true">$INFO[ListItem.Icon]</texture>
					<aspectratio align="left">keep</aspectratio>
				</control>
				<control type="group"><!-- unFocus -->
					<visible>!Control.HasFocus(512)</visible>
					<control type="label">
						<description>ChannelNumber</description>
						<left>55</left>
						<width>40</width>
						<height>dialog-itemheight</height>
						<font>ChannelNumber-Normal</font>
						<align>right</align>
						<label>$INFO[ListItem.ChannelNumber]</label>
					</control>
					<control type="image">
						<description>Encrypt status</description>
						<left>115</left>
						<top>10</top>
						<width>32</width>
						<height>12</height>
						<aspectratio>keep</aspectratio>
						<texture colordiffuse="TextColor2">pvr/pvr_isencrypted.png</texture>
						<visible>ListItem.IsEncrypted</visible>
					</control>
					<control type="label">
						<description>channellabel</description>
						<left>115</left>
						<width>345</width>
						<height>dialog-itemheight</height>
						<textwidth>345</textwidth>
						<label>$INFO[ListItem.Label]</label>
						<animation effect="slide" end="33" time="0" condition="ListItem.IsEncrypted">Conditional</animation>
					</control>
				</control>
				<control type="group"><!-- Focus -->
					<visible>Control.HasFocus(512)</visible>
					<control type="label">
						<description>ChannelNumber</description>
						<left>55</left>
						<width>40</width>
						<height>30</height>
						<font>ChannelNumber-Normal</font>
						<align>right</align>
						<label>$INFO[ListItem.ChannelNumber]</label>
						<textcolor>TextColorFocus</textcolor>
					</control>
					<control type="image">
						<description>Encrypt status</description>
						<left>115</left>
						<top>10</top>
						<width>32</width>
						<height>12</height>
						<aspectratio>keep</aspectratio>
						<texture colordiffuse="TextColorFocus">pvr/pvr_isencrypted.png</texture>
						<visible>ListItem.IsEncrypted</visible>
					</control>
					<control type="label">
						<description>channellabel</description>
						<left>115</left>
						<width>345</width>
						<height>30</height>
						<textwidth>345</textwidth>
						<label>$INFO[ListItem.Label]</label>
						<textcolor>TextColorFocus</textcolor>
						<animation effect="slide" end="33" time="0" condition="ListItem.IsEncrypted">Conditional</animation>
					</control>
				</control>
			</focusedlayout>
				<content target="pvr">$INFO[skin.string(PVROuicknavChannelgroup)]</content>
				<onclick>Dialog.close(1122)</onclick>
				<onclick>PlayMedia("$INFO[ListItem.FilenameandPath]")</onclick>
				<onclick>fullscreen</onclick>
		</control>
		<control type="button" id="511"><!-- setting button -->
			<left>20</left>
			<top>4</top>
			<width>418</width>
			<height>40</height>
			<align>center</align>
			<font>SemiLarge</font>
			<textoffsetx>20</textoffsetx>
			<onclick>skin.setstring(PVROuicknavChannelgroup,$INFO[Container(647).ListItem.FilenameandPath])</onclick>
			<onclick>ReloadSkin()</onclick>
			<onleft>control.move(647,1)</onleft>
			<onright>control.move(647,-1)</onright>
			<onup>SetFocus(512)</onup>
			<ondown>SetFocus(512)</ondown>
			<texturefocus>-</texturefocus>
			<texturenofocus>-</texturenofocus>
			<label>$LOCALIZE[19141]: $INFO[Container(647).ListItem.Label]</label>
			<animation effect="fade" start="30" end="100" time="700" pulse="true" condition="Control.HasFocus(511)">Conditional</animation>
			<visible allowhiddenfocus="true">Control.HasFocus(511)</visible>
		</control>
	</control>
</controls>
</window>

