<?xml version="1.0" encoding="UTF-8"?><!-- flex 2.0 -->
<window>
<defaultcontrol>3</defaultcontrol>
<controls>
	<control type="group" id="9000">
		<left>20</left>
		<top>60</top>
		<control type="grouplist" id="3">
			<description>Controller types grouplist</description>
			<visible>false</visible>
		</control>
		<control type="button" id="10">
			<description>Default controller types button</description>
			<visible>false</visible>
		</control>
		<control type="gamecontroller" id="31">
			<visible>false</visible>
		</control>
		<control type="grouplist" id="5">
			<visible>false</visible>
		</control>
		<control type="button" id="7">
			<description>Default feature types button</description>
			<visible>false</visible>
		</control>
	</control>
	<control type="group" id="9001">
		<left>145</left>
		<top>525</top>
		<control type="button" id="18">
			<description>Ok Button</description>
			<visible>false</visible>
		</control>
		<control type="button" id="19">
			<description>Reset Button</description>
			<visible>false</visible>
		</control>
		<control type="button" id="20">
			<description>Link to install more controllers</description>
			<visible>false</visible>
		</control>
		<control type="button" id="17">
			<description>Help button</description>
			<visible>false</visible>
		</control>
	</control>
</controls>
</window>
