<?xml version="1.0" encoding="UTF-8"?><!-- flex 2.0 -->
<window id="109">
<defaultcontrol always="true">21</defaultcontrol>
<controls>
<control type="group">
	<include>animation_dialog_popup</include>
	<left>500</left>
	<top>138</top>
	<include content="global_dialog_mid_bg">
		<param name="global_dialog_mid_bg-left" value="0" />
		<param name="global_dialog_mid_bg-width" value="336" />
		<param name="global_dialog_mid_bg-innerwidth" value="326" />
		<param name="global_dialog_mid_bg-height" value="341" />
		<param name="global_dialog_mid_bg-headerlabel" value="-" />
		<param name="global_dialog_mid_headerid" value="1" />
	</include>
	<control type="group"><!-- buttons -->
		<top>45</top>
		<control type="grouplist"><!-- Erste Zeile -->
			<itemgap>2</itemgap>
			<orientation>horizontal</orientation>
			<control type="button" id="11">
				<description>'1' button</description>
				<include>dialog_numeric_key</include>
				<onleft>21</onleft>
				<onright>12</onright>
				<onup>23</onup>
				<ondown>15</ondown>
				<label>$LOCALIZE[12311]</label>
			</control>
			<control type="button" id="12">
				<description>'2' button</description>
				<include>dialog_numeric_key</include>
				<onleft>11</onleft>
				<onright>13</onright>
				<onup>23</onup>
				<ondown>16</ondown>
				<label>$LOCALIZE[12312]</label>
			</control>
			<control type="button" id="13">
				<description>'3' button</description>
				<include>dialog_numeric_key</include>
				<onleft>12</onleft>
				<onright>14</onright>
				<onup>21</onup>
				<ondown>17</ondown>
				<label>$LOCALIZE[12313]</label>
			</control>
			<control type="button" id="14">
				<description>'4' button</description>
				<include>dialog_numeric_key</include>
				<onleft>13</onleft>
				<onright>15</onright>
				<onup>21</onup>
				<ondown>18</ondown>
				<label>$LOCALIZE[12314]</label>
			</control>
		</control>
		<control type="grouplist"><!-- Zweite Zeile -->
			<top>61</top>
			<itemgap>2</itemgap>
			<orientation>horizontal</orientation>
			<control type="button" id="15">
				<description>'5' button</description>
				<include>dialog_numeric_key</include>
				<onleft>14</onleft>
				<onright>16</onright>
				<onup>11</onup>
				<ondown>19</ondown>
				<label>$LOCALIZE[12315]</label>
			</control>
			<control type="button" id="16">
				<description>'6' button</description>
				<include>dialog_numeric_key</include>
				<onleft>15</onleft>
				<onright>17</onright>
				<onup>12</onup>
				<ondown>10</ondown>
				<label>$LOCALIZE[12316]</label>
			</control>
			<control type="button" id="17">
				<description>'7' button</description>
				<include>dialog_numeric_key</include>
				<onleft>16</onleft>
				<onright>18</onright>
				<onup>13</onup>
				<ondown>20</ondown>
				<label>$LOCALIZE[12317]</label>
			</control>
			<control type="button" id="18">
				<description>'8' button</description>
				<include>dialog_numeric_key</include>
				<onleft>17</onleft>
				<onright>19</onright>
				<onup>14</onup>
				<ondown>22</ondown>
				<label>$LOCALIZE[12318]</label>
			</control>
		</control>
		<control type="grouplist"><!-- Dritte zeile -->
			<top>122</top>
			<itemgap>2</itemgap>
			<orientation>horizontal</orientation>
			<control type="button" id="19">
				<description>'9' button</description>
				<include>dialog_numeric_key</include>
				<onleft>18</onleft>
				<onright>10</onright>
				<onup>15</onup>
				<ondown>23</ondown>
				<label>$LOCALIZE[12319]</label>
			</control>
			<control type="button" id="10">
				<description>'0' button</description>
				<include>dialog_numeric_key</include>
				<onleft>19</onleft>
				<onright>20</onright>
				<onup>16</onup>
				<ondown>23</ondown>
				<label>$LOCALIZE[12310]</label>
			</control>
			<control type="button" id="20">
				<description>prev button</description>
				<include>dialog_numeric_key</include>
				<onleft>10</onleft>
				<onright>22</onright>
				<onup>17</onup>
				<ondown>21</ondown>
				<label>&lt;</label>
			</control>
			<control type="button" id="22">
				<description>next button</description>
				<include>dialog_numeric_key</include>
				<onleft>20</onleft>
				<onright>23</onright>
				<onup>18</onup>
				<ondown>21</ondown>
				<label>&gt;</label>
			</control>
		</control>
		<control type="grouplist"><!-- Vierte Zeile -->
			<top>183</top>
			<itemgap>2</itemgap>
			<orientation>horizontal</orientation>
			<control type="button" id="23">
				<description>Backspace button</description>
				<include>dialog_numeric_doublekey</include>
				<label>$LOCALIZE[20181]</label>
				<textwidth>120</textwidth>
				<onleft>22</onleft>
				<onright>21</onright>
				<onup>19</onup>
				<ondown>11</ondown>
			</control>
			<control type="button" id="21">
				<description>'OK' button</description>
				<include>dialog_numeric_doublekey</include>
				<label>$LOCALIZE[20177]</label>
				<textwidth>120</textwidth>
				<onleft>23</onleft>
				<onright>11</onright>
				<onup>22</onup>
				<ondown>11</ondown>
			</control>
		</control>
		<control type="image">
			<description>Edit Text</description>
			<top>246</top>
			<width>326</width>
			<height>40</height>
			<texture colordiffuse="ACSkinColor">backgrounds/background-titles.png</texture>
		</control>
		<control type="label" id="4"><!-- eingabetext -->
			<description>Edit Text</description>
			<top>246</top>
			<width>326</width>
			<height>40</height>
			<textcolor>TextColorFocus</textcolor>
			<textoffsetx>20</textoffsetx>
			<font>RegularLarge</font>
		</control>
	</control>
</control>
</controls>
</window>