<?xml version="1.0" encoding="UTF-8"?><!-- flex 2.0 -->
<window>
<defaultcontrol always="true">5</defaultcontrol>
<controls>
<control type="group">
	<left>117</left>
	<top>190</top>
	<width>847</width>
	<height>328</height>
	<include>animation_dialog_popup</include>
	<visible>![Window.IsVisible(selectdialog) | Window.IsVisible(shutdownmenu) | Window.IsVisible(DialogAddonSettings.xml) | Window.IsVisible(DialogSlider.xml) | Window.IsVisible(shutdownmenu)]</visible>
	<include content="global_dialog_mid_bg">
		<param name="global_dialog_mid_bg-left" value="0" />
		<param name="global_dialog_mid_bg-width" value="855" />
		<param name="global_dialog_mid_bg-innerwidth" value="682" />
		<param name="global_dialog_mid_bg-height" value="398" />
		<param name="global_dialog_mid_bg-headerlabel" value="xxx-" />
		<param name="global_dialog_mid_headerid" value="2" />
	</include>
	<control type="grouplist" id="5"><!-- list -->
		<description>control area</description>
		<left>0</left>
		<top>53</top>
		<width>682</width>
		<height>320</height>
		<itemgap>0</itemgap>
		<pagecontrol>-</pagecontrol>
		<onup>5</onup>
		<ondown>5</ondown>
		<onleft>9000</onleft>
		<onright>9000</onright>
	</control>
	<control type="button" id="7"><!-- Default Buttons -->
		<description>Default button</description>
		<textoffsetx>30</textoffsetx>
		<textwidth>580</textwidth>
	</control>
	<control type="radiobutton" id="8">
		<description>Default radiobutton</description>
		<textwidth>580</textwidth>
		<textoffsetx>30</textoffsetx>
		<radioposx>595</radioposx>
	</control>
	<control type="spincontrolex" id="9">
		<description>Default spincontrolex</description>
		<textwidth>580</textwidth>
		<textoffsetx>30</textoffsetx>
		<spinposx>10</spinposx>
	</control>
	<control type="image" id="11">
		<description>separator image</description>
		<height>2</height>
		<texture colordiffuse="$VAR[AC_value_shadow_color]">backgrounds/line.png</texture>
	</control>
	<control type="edit" id="12">
		<description>Default edit</description>
		<textoffsetx>30</textoffsetx>
	</control>
	<control type="sliderex" id="13">
		<description>Default sliderex</description>
		<textwidth>580</textwidth>
		<textoffsetx>30</textoffsetx>
	</control>
	<control type="button" id="14">
		<description>Default label</description>
		<textoffsetx>30</textoffsetx>
		<textwidth>580</textwidth>
	</control>
	<control type="group"><!-- Button Menue -->
		<left>682</left>
		<top>54</top>
		<control type="grouplist" id="9000">
			<onleft>5</onleft>
			<onright>5</onright>
			<onup>9000</onup>
			<ondown>9000</ondown>
			<control type="button" id="28">
				<description>ok Button</description>
				<include>dialog_menuebutton</include>
				<label>-</label>
			</control>
			<control type="button" id="29">
				<description>cancel button</description>
				<include>dialog_menuebutton</include>
				<label>-</label>
			</control>
			<control type="button" id="30">
				<description>Clear/settings Button</description>
				<include>dialog_menuebutton</include>
				<label>-</label>
			</control>
		</control>
	</control>
	<include content="global_dialog_mid_dividershadow-right">
		<param name="global_dialog_mid_dividershadow-right-left" value="682" />
		<param name="global_dialog_mid_dividershadow-right-height" value="388" />
	</include>
</control>
</controls>
</window>
