<?xml version="1.0" encoding="UTF-8"?>
<window>
<defaultcontrol always="true">29</defaultcontrol>
<menucontrol>8999</menucontrol>
<controls>
<include>menucontrol</include>
<control type="label" id="20">
	<description>Fake Label used to pass on name label</description>
	<visible>false</visible>
</control>
<include>CommonBackground</include>
<control type="group">
	<left>85</left>
	<top>142</top>
	<include>animation_dialog_popup</include>
	<visible>![Window.isVisible(virtualkeyboard) | Window.isVisible(numericinput)]</visible>
		<include content="global_dialog_mid_bg">
			<param name="global_dialog_mid_bg-width" value="1110" />
			<param name="global_dialog_mid_bg-innerwidth" value="1100" />
			<param name="global_dialog_mid_bg-height" value="425" />
			<param name="global_dialog_mid_bg-headerlabel" value="" />
		</include>
	<control type="grouplist" id="9001"><!-- Button right Menue -->
		<left>900</left>
		<top>66</top>
		<itemgap>0</itemgap>
		<width>200</width>
		<onleft>12</onleft>
		<onright>12</onright>
		<onup>9001</onup>
		<ondown>9001</ondown>
		<control type="button" id="26">
			<description>Add Group</description>
			<width>200</width>
			<include>dialog_menuebutton</include>
			<label>$LOCALIZE[31357]</label>
		</control>
		<control type="button" id="27">
			<description>Rename Group</description>
			<width>200</width>
			<include>dialog_menuebutton</include>
			<label>$LOCALIZE[31358]</label>
		</control>
		<control type="radiobutton" id="25">
			<description>Hide Group</description>
			<width>200</width>
			<include>dialog_menuebutton</include>
			<label>$LOCALIZE[19289]</label>
		</control>
		<control type="button" id="28">
			<description>Delete Group</description>
			<width>200</width>
			<include>dialog_menuebutton</include>
			<label>$LOCALIZE[31359]</label>
		</control>
		<control type="button" id="29">
			<description>OK</description>
			<width>200</width>
			<include>dialog_menuebutton</include>
			<label>$LOCALIZE[186]</label>
		</control>
	</control>
	<control type="group"><!-- Left Group list 13 -->
		<width>300</width>
		<height>647</height>
		<control type="label">
			<description>titel</description>
			<width>300</width>
			<height>40</height>
			<textoffsetx>20</textoffsetx>
			<include>global_label_title</include>
			<label>$LOCALIZE[31365]$INFO[Container(13).NumItems, (,)]</label>
		</control>
		<control type="list" id="13">
			<viewtype>list</viewtype>
			<top>66</top>
			<width>300</width>
			<height>330</height>
			<scrolltime>0</scrolltime>
			<onup>13</onup>
			<ondown>13</ondown>
			<onleft>9001</onleft>
			<onright>11</onright>
			<itemlayout height="30">
				<control type="image">
					<width>300</width>
					<height>1</height>
					<texture colordiffuse="$VAR[AC_value_shadow_color]">backgrounds/line.png</texture>
				</control>
				<control type="label">
					<width>300</width>
					<height>30</height>
					<textoffsetx>20</textoffsetx>
					<textcolor>TextColor2</textcolor>
					<label>$INFO[ListItem.Label]</label>
				</control>
			</itemlayout>
			<focusedlayout height="30">
				<control type="image">
					<width>300</width>
					<height>30</height>
					<include>global_listfocustexture</include>
					<animation effect="fade" start="100" end="50" time="200" condition="!Control.HasFocus(13)">Conditional</animation>
				</control>
				<control type="label">
					<width>300</width>
					<height>30</height>
					<textoffsetx>20</textoffsetx>
					<textcolor>TextColorFocus</textcolor>
					<selectedcolor>TextColorSelectFO</selectedcolor>
					<label>$INFO[ListItem.Label]</label>
					<visible>Control.HasFocus(13)</visible>
				</control>
				<control type="label">
					<width>300</width>
					<height>30</height>
					<textoffsetx>20</textoffsetx>
					<textcolor>TextColor2</textcolor>
					<label>$INFO[ListItem.Label]</label>
					<visible>!Control.HasFocus(13)</visible>
				</control>
			</focusedlayout>
		</control>
	</control>
	<control type="group"><!-- mid Channels list 11 -->
		<left>300</left>
		<width>300</width>
		<height>647</height>
		<control type="label" id="21">
			<description>titel</description>
			<width>300</width>
			<height>40</height>
			<textoffsetx>20</textoffsetx>
			<include>global_label_title</include>
			<label>$LOCALIZE[31366]$INFO[Container(11).NumItems, (,)]</label>
		</control>
		<control type="list" id="11">
			<viewtype>list</viewtype>
			<top>66</top>
			<width>300</width>
			<height>330</height>
			<scrolltime>0</scrolltime>
			<onup>11</onup>
			<ondown>11</ondown>
			<onleft>13</onleft>
			<onright>12</onright>
			<itemlayout height="30">
				<control type="image">
					<width>300</width>
					<height>1</height>
					<texture colordiffuse="$VAR[AC_value_shadow_color]">backgrounds/line.png</texture>
				</control>
				<control type="image">
					<left>5</left>
					<top>5</top>
					<width>25</width>
					<height>25</height>
					<texture fallback="defaultpictures/DefaultChannel.png">$INFO[ListItem.Icon]</texture>
					<aspectratio>keep</aspectratio>
				</control>
				<control type="label">
					<left>40</left>
					<width>220</width>
					<height>30</height>
					<textcolor>TextColor2</textcolor>
					<label>$INFO[ListItem.ChannelNumberLabel,,. ]$INFO[ListItem.ChannelName]</label>
				</control>
			</itemlayout>
			<focusedlayout height="30">
				<control type="image">
					<width>300</width>
					<height>30</height>
					<include>global_listfocustexture</include>
					<visible>Control.HasFocus(11)</visible>
				</control>
				<control type="image">
					<left>5</left>
					<top>5</top>
					<width>25</width>
					<height>25</height>
					<texture fallback="defaultpictures/DefaultChannel.png">$INFO[ListItem.Icon]</texture>
					<aspectratio>keep</aspectratio>
				</control>
				<control type="label">
					<left>40</left>
					<width>220</width>
					<height>30</height>
					<textcolor>TextColor2</textcolor>
					<label>$INFO[ListItem.ChannelNumberLabel,,. ]$INFO[ListItem.ChannelName]</label>
					<visible>!Control.HasFocus(11)</visible>
				</control>
				<control type="label">
					<left>40</left>
					<width>220</width>
					<height>30</height>
					<textcolor>TextColorFocus</textcolor>
					<selectedcolor>TextColorSelectFO</selectedcolor>
					<label>$INFO[ListItem.ChannelNumberLabel,,. ]$INFO[ListItem.ChannelName]</label>
					<visible>Control.HasFocus(11)</visible>
				</control>
			</focusedlayout>
		</control>
	</control>
	<control type="group"><!-- right Channels list 12 -->
		<left>600</left>
		<width>300</width>
		<height>647</height>
		<control type="label" id="22">
			<description>titel</description>
			<width>300</width>
			<height>40</height>
			<textoffsetx>20</textoffsetx>
			<include>global_label_title</include>
			<label>$LOCALIZE[31367]$INFO[Container(12).NumItems, (,)]</label>
		</control>
		<control type="list" id="12">
			<viewtype>list</viewtype>
			<top>66</top>
			<width>300</width>
			<height>330</height>
			<scrolltime>0</scrolltime>
			<onup>12</onup>
			<ondown>12</ondown>
			<onleft>11</onleft>
			<onright>9001</onright>
			<itemlayout height="30">
				<control type="image">
					<width>300</width>
					<height>1</height>
					<texture colordiffuse="$VAR[AC_value_shadow_color]">backgrounds/line.png</texture>
				</control>
				<control type="image">
					<left>5</left>
					<top>5</top>
					<width>25</width>
					<height>25</height>
					<texture fallback="defaultpictures/DefaultChannel.png">$INFO[ListItem.Icon]</texture>
					<aspectratio>keep</aspectratio>
				</control>
				<control type="label">
					<left>40</left>
					<width>40</width>
					<height>30</height>
					<font>ChannelNumber-Normal</font>
					<textcolor>TextColor2</textcolor>
					<label>$INFO[ListItem.ChannelNumberLabel]</label>
				</control>
				<control type="label">
					<left>80</left>
					<width>220</width>
					<height>30</height>
					<textcolor>TextColor2</textcolor>
					<label>$INFO[ListItem.ChannelName]</label>
				</control>
			</itemlayout>
			<focusedlayout height="30">
				<control type="image">
					<width>300</width>
					<height>30</height>
					<include>global_listfocustexture</include>
					<visible>Control.HasFocus(12)</visible>
				</control>
				<control type="image">
					<left>5</left>
					<top>5</top>
					<width>25</width>
					<height>25</height>
					<texture fallback="defaultpictures/DefaultChannel.png">$INFO[ListItem.Icon]</texture>
					<aspectratio>keep</aspectratio>
				</control>
				<control type="label">
					<left>40</left>
					<width>40</width>
					<height>30</height>
					<font>ChannelNumber-Normal</font>
					<textcolor>TextColor2</textcolor>
					<label>$INFO[ListItem.ChannelNumberLabel]</label>
					<visible>!Control.HasFocus(12)</visible>
				</control>
				<control type="label">
					<left>80</left>
					<width>220</width>
					<height>30</height>
					<textcolor>TextColor2</textcolor>
					<label>$INFO[ListItem.ChannelName]</label>
					<visible>!Control.HasFocus(12)</visible>
				</control>
				<control type="label">
					<left>40</left>
					<width>40</width>
					<height>30</height>
					<font>ChannelNumber-Normal</font>
					<selectedcolor>TextColorSelectFO</selectedcolor>
					<textcolor>TextColorFocus</textcolor>
					<label>$INFO[ListItem.ChannelNumberLabel]</label>
					<visible>Control.HasFocus(12)</visible>
				</control>
				<control type="label">
					<left>80</left>
					<width>220</width>
					<height>30</height>
					<textcolor>TextColorFocus</textcolor>
					<selectedcolor>TextColorSelectFO</selectedcolor>
					<label>$INFO[ListItem.ChannelName]</label>
					<visible>Control.HasFocus(12)</visible>
				</control>
			</focusedlayout>
		</control>
	</control>
	<control type="image"><!-- Shadow left -->
		<left>300</left>
		<height>415</height>
		<include>global_texture_border8_rightv</include>
	</control>
	<control type="image"><!-- Shadow right -->
		<left>600</left>
		<height>415</height>
		<include>global_texture_border8_rightv</include>
	</control>
	<control type="image"><!-- Shadow end -->
		<left>900</left>
		<height>415</height>
		<include>global_texture_border8_rightv</include>
	</control>
</control>
</controls>
</window>
