<?xml version="1.0" encoding="UTF-8"?><!-- flex 2.0 -->
<window>
<defaultcontrol always="true">570</defaultcontrol>
<menucontrol>9000</menucontrol>
<views>570</views>
<backgroundcolor>ACBackgroundColorFull</backgroundcolor>
<controls>
	<include>CommonBackground</include>
	<control type="group">
		<visible>$EXP[HasNotDialogPopup]</visible>
		<include>animation_window</include>
		<control type="group"><!-- Mid list -->
			<control type="image">
				<left>240</left>
				<top>60</top>
				<width>1045</width>
				<height>660</height>
				<texture>White.png</texture>
				<colordiffuse>ACBackgroundColor</colordiffuse>
			</control>
			<control type="image">
				<description>hintergrund titel</description>
				<left>240</left>
				<top>60</top>
				<width>1040</width>
				<include>global_texture_title</include>
			</control>
			<control type="label">
				<description>titel</description>
				<left>255</left>
				<top>60</top>
				<width>750</width>
				<include>global_label_title</include>
				<label>$LOCALIZE[14111]</label>
			</control>
			<control type="group"><!-- logging list 570 -->
				<visible>Control.IsVisible(570)</visible>
				<control type="list" id="570">
					<left>240</left>
					<top>120</top>
					<width>1080</width>
					<height>511</height>
					<onleft>9000</onleft>
					<onright>60</onright>
					<onup>570</onup>
					<ondown>570</ondown>
					<viewtype label="535">list</viewtype>
					<pagecontrol>60</pagecontrol>
					<scrolltime>200</scrolltime>
					<itemlayout height="85" width="1080">
						<control type="image">
							<width>1040</width>
							<height>1</height>
							<texture>backgrounds/line.png</texture>
							<colordiffuse>$VAR[AC_value_shadow_color]</colordiffuse>
						</control>
						<control type="image">
							<top>85</top>
							<width>1040</width>
							<height>1</height>
							<texture>backgrounds/line.png</texture>
							<colordiffuse>$VAR[AC_value_shadow_color]</colordiffuse>
						</control>
						<control type="image">
							<left>12</left>
							<top>8</top>
							<width>69</width>
							<height>69</height>
							<texture background="true">$INFO[ListItem.Icon]</texture>
							<aspectratio align="center">stretch</aspectratio>
						</control>
						<control type="label">
							<left>100</left>
							<top>3</top>
							<width>700</width>
							<height>30</height>
							<textcolor>TextColor2</textcolor>
							<label>[B]$INFO[ListItem.Label][/B]</label>
						</control>
						<control type="textbox">
							<left>100</left>
							<top>32</top>
							<width>700</width>
							<include>PlotNormal44</include>
							<font>RegularSmall</font>
							<label>$INFO[ListItem.Property(Event.Description)]</label>
						</control>
						<control type="label">
							<left>680</left>
							<width>340</width>
							<height>30</height>
							<align>right</align>
							<label>$INFO[ListItem.Label2]</label>
						</control>
					</itemlayout>
					<focusedlayout height="85" width="1040">
						<control type="image">
							<width>1040</width>
							<height>85</height>
							<include>global_listdiffusefocustexture_flip</include>
							<visible>Control.HasFocus(570)</visible>
						</control>
						<control type="image">
							<top>85</top>
							<width>1040</width>
							<height>1</height>
							<texture>backgrounds/line.png</texture>
							<colordiffuse>$VAR[AC_value_shadow_color]</colordiffuse>
						</control>
						<control type="image">
							<left>12</left>
							<top>8</top>
							<width>69</width>
							<height>69</height>
							<texture background="true">$INFO[ListItem.Icon]</texture>
							<aspectratio align="center">stretch</aspectratio>
						</control>
						<control type="label">
							<left>100</left>
							<top>3</top>
							<width>700</width>
							<height>30</height>
							<textcolor>TextColorFocus</textcolor>
							<selectedcolor>TextColorSelectFO</selectedcolor>
							<label>[B]$INFO[ListItem.Label][/B]</label>
							<visible>Control.HasFocus(570)</visible>
						</control>
						<control type="label">
							<left>100</left>
							<top>3</top>
							<width>700</width>
							<height>30</height>
							<textcolor>TextColor2</textcolor>
							<label>[B]$INFO[ListItem.Label][/B]</label>
							<visible>!Control.HasFocus(570)</visible>
						</control>
						<control type="textbox">
							<left>100</left>
							<top>32</top>
							<width>700</width>
							<include>PlotNormal44</include>
							<font>RegularSmall</font>
							<label>$INFO[ListItem.Property(Event.Description)]</label>
							<textcolor>TextColor2</textcolor>
							<visible>!Control.HasFocus(570)</visible>
						</control>
						<control type="textbox">
							<left>100</left>
							<top>32</top>
							<width>700</width>
							<include>PlotNormal44</include>
							<font>RegularSmall</font>
							<label>$INFO[ListItem.Property(Event.Description)]</label>
							<textcolor>TextColorFocus</textcolor>
							<selectedcolor>TextColorSelectFO</selectedcolor>
							<visible>Control.HasFocus(570)</visible>
						</control>
						<control type="label">
							<left>680</left>
							<width>340</width>
							<height>30</height>
							<align>right</align>
							<label>$INFO[ListItem.Label2]</label>
						</control>
					</focusedlayout>
				</control>
				<control type="scrollbar" id="60">
					<left>1170</left>
					<top>80</top>
					<width>25</width>
					<height>550</height>
					<texturesliderbackground border="0,14,0,14">ScrollBarV.png</texturesliderbackground>
					<texturesliderbar border="0,14,0,14">ScrollBarV_bar.png</texturesliderbar>
					<texturesliderbarfocus border="0,14,0,14">ScrollBarV_bar_focus.png</texturesliderbarfocus>
					<textureslidernib>ScrollBarNib.png</textureslidernib>
					<textureslidernibfocus>ScrollBarNib.png</textureslidernibfocus>
					<onleft>570</onleft>
					<onright>2</onright>
					<showonepage>false</showonepage>
					<orientation>vertical</orientation>
					<visible>Control.IsVisible(570)</visible>
				</control>
			</control>
		</control>
		<include>global_rss</include>
		<control type="image"><!-- Menu -->
			<description>Hintergrund</description>
			<width>240</width>
			<height>720</height>
			<include>global_texture_light</include>
		</control>
		<control type="label">
			<include>settings_title</include>
			<label>$LOCALIZE[33063]</label>
		</control>
		<include>global_date</include>
		<control type="grouplist" id="9000"><!-- list -->
			<top>120</top>
			<width>240</width>
			<height>660</height>
			<onleft>ActivateWindow(systemsettings)</onleft>
			<onright>570</onright>
			<onup>9000</onup>
			<ondown>9000</ondown>
			<onback>ActivateWindow(systemsettings)</onback>
			<itemgap>0</itemgap>
			<control type="togglebutton" id="4">
				<description>Sort asc</description>
				<label>$LOCALIZE[31005]</label>
				<altlabel>$LOCALIZE[31004]</altlabel>
				<textoffsetx>20</textoffsetx>
				<usealttexture>Container.SortDirection(Ascending)</usealttexture>
			</control>
			<control type="label" id="2201">
				<width>240</width>
				<height>35</height>
				<label>-</label>
				<textoffsetx>20</textoffsetx>
			</control>
			<control type="button" id="21">
				<description>Level button</description>
				<textoffsetx>20</textoffsetx>
				<textwidth>235</textwidth>
				<label>-</label>
			</control>
			<control type="radiobutton" id="22">
				<description>Only show current level</description>
				<textoffsetx>20</textoffsetx>
				<label>-</label>
			</control>
			<control type="button" id="20">
				<description>Clear button</description>
				<textoffsetx>20</textoffsetx>
				<label>$LOCALIZE[192]</label>
			</control>
		</control>
		<control type="image">
			<description>schatten ueber grouplist links</description>
			<left>240</left>
			<height>720</height>
			<include>global_texture_border8_rightv</include>
		</control>
	</control>
	</controls>
</window>
