<?xml version="1.0" encoding="UTF-8"?>
<window>
<onload condition="!StringCompare(skin.string(defaultsettings),7)">Skin.SetString(AKNMenueProperties,Standard)</onload>
<onload condition="!StringCompare(skin.string(defaultsettings),7)">ActivateWindow(1118)</onload>
<onload>SetProperty(RefreshList3,1)</onload>
<previouswindow>startup</previouswindow>
<onload>ClearProperty(WindowTrailer,home)</onload>
<onload>ClearProperty(gotv.addon.isrunning,home)</onload>
<defaultcontrol always="true">300</defaultcontrol>
<menucontrol>8888</menucontrol>
<backgroundcolor>ACBackgroundColorFull</backgroundcolor>
<controls>
<control type="label" id="3070"><!-- Widget category string for widget content info VARs -->
	<label>$VAR[widget_category]</label>
	<include>Hiddencontrol</include>
</control>
<control type="label" id="3080"><!-- Widget Titel for Empty condition -->
	<label>$VAR[widget_title]</label>
	<include>Hiddencontrol</include>
</control>
<control type="label" id="3074"><!-- MPAA IsEmpty Condition -->
	<label>$VAR[widget_flagsvalue_mpaa]</label>
	<include>Hiddencontrol</include>
</control>
<control type="label" id="3075"><!-- MPAA IsEmpty Condition -->
	<label>$VAR[genrewidget_flagsvalue_mpaa]</label>
	<include>Hiddencontrol</include>
</control>
<control type="button" id="8888"><!-- widget selector "m" Button -->
	<description>widget selector "m" Button</description>
	<include>Hiddencontrol</include>
	<onfocus condition="!Skin.HasSetting(nohomewidgetselector) + Stringcompare(Container(300).ListItem.Label2,Slot1)">SetProperty(SlotclickWidget,Mainslot1WidgetContent,1110)</onfocus>
	<onfocus condition="!Skin.HasSetting(nohomewidgetselector) + Stringcompare(Container(300).ListItem.Label2,Slot1)">SetProperty(SlotclickWidgettarget,Mainslot1WidgetTarget,1110)</onfocus>
	<onfocus condition="!Skin.HasSetting(nohomewidgetselector) + Stringcompare(Container(300).ListItem.Label2,Slot1)">SetProperty(SlotclickWidgettitle,Mainslot1WidgetTitle,1110)</onfocus>
	<onfocus condition="!Skin.HasSetting(nohomewidgetselector) + Stringcompare(Container(300).ListItem.Label2,Slot1)">SetProperty(SlotclickWidgetCategory,Mainslot1WidgetCategory,1110)</onfocus>
	<onfocus condition="!Skin.HasSetting(nohomewidgetselector) + Stringcompare(Container(300).ListItem.Label2,Slot1)">SetProperty(SlotclickWidgetOpenClick,Mainslot1WidgetOpenClick,1110)</onfocus>

	<onfocus condition="Stringcompare(Container(300).ListItem.Label2,Slot2)">SetProperty(SlotclickWidget,Mainslot2WidgetContent,1110)</onfocus>
	<onfocus condition="Stringcompare(Container(300).ListItem.Label2,Slot2)">SetProperty(SlotclickWidgettarget,Mainslot2WidgetTarget,1110)</onfocus>
	<onfocus condition="Stringcompare(Container(300).ListItem.Label2,Slot2)">SetProperty(SlotclickWidgettitle,Mainslot2WidgetTitle,1110)</onfocus>
	<onfocus condition="Stringcompare(Container(300).ListItem.Label2,Slot2)">SetProperty(SlotclickWidgetCategory,Mainslot2WidgetCategory,1110)</onfocus>
	<onfocus condition="Stringcompare(Container(300).ListItem.Label2,Slot2)">SetProperty(SlotclickWidgetOpenClick,Mainslot2WidgetOpenClick,1110)</onfocus>
	
	<onfocus condition="Stringcompare(Container(300).ListItem.Label2,Slot3)">SetProperty(SlotclickWidget,Mainslot3WidgetContent,1110)</onfocus>
	<onfocus condition="Stringcompare(Container(300).ListItem.Label2,Slot3)">SetProperty(SlotclickWidgettarget,Mainslot3WidgetTarget,1110)</onfocus>
	<onfocus condition="Stringcompare(Container(300).ListItem.Label2,Slot3)">SetProperty(SlotclickWidgettitle,Mainslot3WidgetTitle,1110)</onfocus>
	<onfocus condition="Stringcompare(Container(300).ListItem.Label2,Slot3)">SetProperty(SlotclickWidgetCategory,Mainslot3WidgetCategory,1110)</onfocus>
	<onfocus condition="Stringcompare(Container(300).ListItem.Label2,Slot3)">SetProperty(SlotclickWidgetOpenClick,Mainslot3WidgetOpenClick,1110)</onfocus>
	
	<onfocus condition="Stringcompare(Container(300).ListItem.Label2,Slot4)">SetProperty(SlotclickWidget,Mainslot4WidgetContent,1110)</onfocus>
	<onfocus condition="Stringcompare(Container(300).ListItem.Label2,Slot4)">SetProperty(SlotclickWidgettarget,Mainslot4WidgetTarget,1110)</onfocus>
	<onfocus condition="Stringcompare(Container(300).ListItem.Label2,Slot4)">SetProperty(SlotclickWidgettitle,Mainslot4WidgetTitle,1110)</onfocus>
	<onfocus condition="Stringcompare(Container(300).ListItem.Label2,Slot4)">SetProperty(SlotclickWidgetCategory,Mainslot4WidgetCategory,1110)</onfocus>
	<onfocus condition="Stringcompare(Container(300).ListItem.Label2,Slot4)">SetProperty(SlotclickWidgetOpenClick,Mainslot4WidgetOpenClick,1110)</onfocus>
	
	<onfocus condition="Stringcompare(Container(300).ListItem.Label2,Slot5)">SetProperty(SlotclickWidget,Mainslot5WidgetContent,1110)</onfocus>
	<onfocus condition="Stringcompare(Container(300).ListItem.Label2,Slot5)">SetProperty(SlotclickWidgettarget,Mainslot5WidgetTarget,1110)</onfocus>
	<onfocus condition="Stringcompare(Container(300).ListItem.Label2,Slot5)">SetProperty(SlotclickWidgettitle,Mainslot5WidgetTitle,1110)</onfocus>
	<onfocus condition="Stringcompare(Container(300).ListItem.Label2,Slot5)">SetProperty(SlotclickWidgetCategory,Mainslot5WidgetCategory,1110)</onfocus>
	<onfocus condition="Stringcompare(Container(300).ListItem.Label2,Slot5)">SetProperty(SlotclickWidgetOpenClick,Mainslot5WidgetOpenClick,1110)</onfocus>

	
	<onfocus condition="Stringcompare(Container(300).ListItem.Label2,Slot6)">SetProperty(SlotclickWidget,Mainslot6WidgetContent,1110)</onfocus>
	<onfocus condition="Stringcompare(Container(300).ListItem.Label2,Slot6)">SetProperty(SlotclickWidgettarget,Mainslot6WidgetTarget,1110)</onfocus>
	<onfocus condition="Stringcompare(Container(300).ListItem.Label2,Slot6)">SetProperty(SlotclickWidgettitle,Mainslot6WidgetTitle,1110)</onfocus>
	<onfocus condition="Stringcompare(Container(300).ListItem.Label2,Slot6)">SetProperty(SlotclickWidgetCategory,Mainslot6WidgetCategory,1110)</onfocus>
	<onfocus condition="Stringcompare(Container(300).ListItem.Label2,Slot6)">SetProperty(SlotclickWidgetOpenClick,Mainslot6WidgetOpenClick,1110)</onfocus>
	
	<onfocus condition="Stringcompare(Container(300).ListItem.Label2,Slot7)">SetProperty(SlotclickWidget,Mainslot7WidgetContent,1110)</onfocus>
	<onfocus condition="Stringcompare(Container(300).ListItem.Label2,Slot7)">SetProperty(SlotclickWidgettarget,Mainslot7WidgetTarget,1110)</onfocus>
	<onfocus condition="Stringcompare(Container(300).ListItem.Label2,Slot7)">SetProperty(SlotclickWidgettitle,Mainslot7WidgetTitle,1110)</onfocus>
	<onfocus condition="Stringcompare(Container(300).ListItem.Label2,Slot7)">SetProperty(SlotclickWidgetCategory,Mainslot7WidgetCategory,1110)</onfocus>
	<onfocus condition="Stringcompare(Container(300).ListItem.Label2,Slot7)">SetProperty(SlotclickWidgetOpenClick,Mainslot7WidgetOpenClick,1110)</onfocus>
	
	<onfocus condition="Stringcompare(Container(300).ListItem.Label2,Slot8)">SetProperty(SlotclickWidget,Mainslot8WidgetContent,1110)</onfocus>
	<onfocus condition="Stringcompare(Container(300).ListItem.Label2,Slot8)">SetProperty(SlotclickWidgettarget,Mainslot8WidgetTarget,1110)</onfocus>
	<onfocus condition="Stringcompare(Container(300).ListItem.Label2,Slot8)">SetProperty(SlotclickWidgettitle,Mainslot8WidgetTitle,1110)</onfocus>
	<onfocus condition="Stringcompare(Container(300).ListItem.Label2,Slot8)">SetProperty(SlotclickWidgetCategory,Mainslot8WidgetCategory,1110)</onfocus>
	<onfocus condition="Stringcompare(Container(300).ListItem.Label2,Slot8)">SetProperty(SlotclickWidgetOpenClick,Mainslot8WidgetOpenClick,1110)</onfocus>
	
	<onfocus condition="Stringcompare(Container(300).ListItem.Label2,Slot9)">SetProperty(SlotclickWidget,Mainslot9WidgetContent,1110)</onfocus>
	<onfocus condition="Stringcompare(Container(300).ListItem.Label2,Slot9)">SetProperty(SlotclickWidgettarget,Mainslot9WidgetTarget,1110)</onfocus>
	<onfocus condition="Stringcompare(Container(300).ListItem.Label2,Slot9)">SetProperty(SlotclickWidgettitle,Mainslot9WidgetTitle,1110)</onfocus>
	<onfocus condition="Stringcompare(Container(300).ListItem.Label2,Slot9)">SetProperty(SlotclickWidgetCategory,Mainslot9WidgetCategory,1110)</onfocus>
	<onfocus condition="Stringcompare(Container(300).ListItem.Label2,Slot9)">SetProperty(SlotclickWidgetOpenClick,Mainslot9WidgetOpenClick,1110)</onfocus>
	
	<onfocus condition="Stringcompare(Container(300).ListItem.Label2,Slot10)">SetProperty(SlotclickWidget,Mainslot10WidgetContent,1110)</onfocus>
	<onfocus condition="Stringcompare(Container(300).ListItem.Label2,Slot10)">SetProperty(SlotclickWidgettarget,Mainslot10WidgetTarget,1110)</onfocus>
	<onfocus condition="Stringcompare(Container(300).ListItem.Label2,Slot10)">SetProperty(SlotclickWidgettitle,Mainslot10WidgetTitle,1110)</onfocus>
	<onfocus condition="Stringcompare(Container(300).ListItem.Label2,Slot10)">SetProperty(SlotclickWidgetCategory,Mainslot10WidgetCategory,1110)</onfocus>
	<onfocus condition="Stringcompare(Container(300).ListItem.Label2,Slot10)">SetProperty(SlotclickWidgetOpenClick,Mainslot10WidgetOpenClick,1110)</onfocus>
	
	<onfocus condition="Stringcompare(Container(300).ListItem.Label2,Slot11)">SetProperty(SlotclickWidget,Mainslot11WidgetContent,1110)</onfocus>
	<onfocus condition="Stringcompare(Container(300).ListItem.Label2,Slot11)">SetProperty(SlotclickWidgettarget,Mainslot11WidgetTarget,1110)</onfocus>
	<onfocus condition="Stringcompare(Container(300).ListItem.Label2,Slot11)">SetProperty(SlotclickWidgettitle,Mainslot11WidgetTitle,1110)</onfocus>
	<onfocus condition="Stringcompare(Container(300).ListItem.Label2,Slot11)">SetProperty(SlotclickWidgetCategory,Mainslot11WidgetCategory,1110)</onfocus>
	<onfocus condition="Stringcompare(Container(300).ListItem.Label2,Slot11)">SetProperty(SlotclickWidgetOpenClick,Mainslot11WidgetOpenClick,1110)</onfocus>
	
	<onfocus condition="Stringcompare(Container(300).ListItem.Label2,Slot12)">SetProperty(SlotclickWidget,Mainslot12WidgetContent,1110)</onfocus>
	<onfocus condition="Stringcompare(Container(300).ListItem.Label2,Slot12)">SetProperty(SlotclickWidgettarget,Mainslot12WidgetTarget,1110)</onfocus>
	<onfocus condition="Stringcompare(Container(300).ListItem.Label2,Slot12)">SetProperty(SlotclickWidgettitle,Mainslot12WidgetTitle,1110)</onfocus>
	<onfocus condition="Stringcompare(Container(300).ListItem.Label2,Slot12)">SetProperty(SlotclickWidgetCategory,Mainslot12WidgetCategory,1110)</onfocus>
	<onfocus condition="Stringcompare(Container(300).ListItem.Label2,Slot12)">SetProperty(SlotclickWidgetOpenClick,Mainslot12WidgetOpenClick,1110)</onfocus>
	<onfocus condition="!Skin.HasSetting(nohomewidgetselector)">ActivateWindow(1111)</onfocus>
	<onfocus condition="Skin.HasSetting(nohomewidgetselector)">ActivateWindow(1121)</onfocus>
	<onclick>noop</onclick>
</control>
<control type="list" id="550"><!-- genrewidget content -->
	<onleft>550</onleft>
	<onright>550</onright>
	<ondown>510</ondown>
	<orientation>horizontal</orientation>
	<include>Compaircontainer</include>
	<content target="video">$VAR[widget_genrecontent_focus]</content>
	<onclick condition="!String.IsEmpty(Container(550).ListItem.Duration))">PlayMedia("$INFO[ListItem.FilenameandPath]")</onclick><!-- episode/film -->
	<onclick condition="String.IsEmpty(Container(550).ListItem.Duration)">ActivateWindow(videos,&quot;videodb://tvshows/titles/$INFO[ListItem.DBID]/&quot;)</onclick><!-- serie -->
	<visible>Substring(Control.GetLabel(3070),moviegenres) | Substring(Control.GetLabel(3070),tvshowgenres)</visible>
</control>
<include>HomeBackground</include>
<control type="group">
	<visible>!Control.HasFocus(9930) + !Window.Isvisible(movieinformation) + !Window.Isvisible(addoninformation) + !Window.Isvisible(DialogMusicInfo.xml)+ !Window.Isvisible(Custom_1124_WidgetinfoGTO.xml)</visible>
	<include>animation_window</include>
	<control type="group"><!-- RSS -->
		<description>RSS Group</description>
		<animation effect="slide" start="0,70" end="0,0" time="500" delay="2000" tween="sine" easing="out" condition="Window.Previous(Startup)">WindowOpen</animation>
		<animation effect="slide" start="0,70" end="0,0" time="500" delay="1000" tween="sine" easing="out" condition="!Window.Previous(Startup)">WindowOpen</animation>
		<animation effect="slide" start="0,70" end="0,0" time="500" delay="1000" tween="sine" easing="inout">Visible</animation>
		<animation effect="slide" start="0,0" end="0,70" time="300" easing="inout" tween="sine">WindowClose</animation>
		<animation effect="slide" start="0,0" end="0,70" time="300" easing="inout" tween="sine">Hidden</animation>
		<animation effect="slide" start="0,0" end="150,0" time="1000" tween="cubic" easing="inout" condition="Control.IsVisible(605) | Control.IsVisible(606)">Conditional</animation>
		<visible>system.getbool(lookandfeel.enablerssfeeds) + !Control.HasFocus(301)</visible>
		<control type="image">
			<left>500</left>
			<top>698</top>
			<height>26</height>
			<width>1180</width>
			<aligny>top</aligny>
			<texture>backgrounds/bar-left.png</texture>
			<colordiffuse>ACBackgroundColor_heavy</colordiffuse>
		</control>
		<control type="rss" id="1">
			<left>527</left>
			<top>699</top>
			<width>753</width>
			<height>20</height>
		</control>
	</control>
	<control type="group"><!-- library status -->
		<animation effect="slide" start="-500,0" end="0,0" time="500" delay="2000" tween="sine" easing="out" condition="Window.Previous(Startup)">WindowOpen</animation>
		<animation effect="slide" start="-500,0" end="0,0" time="500" delay="1000" tween="sine" easing="out" condition="!Window.Previous(Startup)">WindowOpen</animation>
		<animation effect="slide" start="-500,0" end="0,0" time="500" delay="500" tween="sine" easing="out">Visible</animation>
		<animation effect="slide" start="0,0" end="-500,0" time="500" tween="sine" easing="out">Hidden</animation>
		<visible>!ControlGroup(602).HasFocus + !String.IsEmpty(Control.Getlabel(6022)) + !Skin.HasSetting(nohometotals)</visible>
		<control type="image">
			<top>605</top>
			<width>500</width>
			<height>26</height>
			<texture>backgrounds/bar-right.png</texture>
			<colordiffuse>ACBackgroundColor_heavy</colordiffuse>
		</control>
		<control type="label" id="6022">
			<left>20</left>
			<top>608</top>
			<width>450</width>
			<height>20</height>
			<align>right</align>
			<label>$VAR[AKN_Home_value_librarystatus]</label>
		</control>
	</control>
	<control type="group"><!-- weather -->
		<visible>!Skin.HasSetting(nohometime)</visible>
		<animation effect="slide" start="1280,0" end="0,0" time="500" delay="1000" tween="sine" easing="out">WindowOpen</animation>
		<control type="image">
			<left>780</left>
			<top>605</top>
			<width>500</width>
			<height>26</height>
			<texture flipx="true">backgrounds/bar-right.png</texture>
			<colordiffuse>ACBackgroundColor_heavy</colordiffuse>
		</control>
		<control type="image">
			<left>810</left>
			<top>586</top>
			<width>63</width>
			<height>63</height>
			<aspectratio align="left" aligny="top">stretch</aspectratio>
			<texture diffuse="backgrounds/bar-weathericon.png" background="true">$VAR[WeatherIconPath]$INFO[Window(Weather).Property(Current.OutlookIcon)]</texture>
		</control>
		<control type="label">
			<left>885</left>
			<top>608</top>
			<width>380</width>
			<height>20</height>
			<label>$VAR[AKN_Home_value_weather_date]</label>
			<animation effect="slide" start="0,0" end="-75,0" condition="IsEmpty(Weather.Plugin)">Conditional</animation>
		</control>
	</control>
	<control type="group" id="605"><!-- Discart -->
		<description>Now Playing Discart Group</description>
		<animation effect="slide" start="-500,0" end="0,0" time="1000" delay="3000" tween="cubic" easing="inout">WindowOpen</animation>
		<animation effect="slide" start="-500,0" end="0,0" time="1000" delay="3000" tween="cubic" easing="inout">Visible</animation>
		<animation effect="slide" start="0,0" end="-500,0" time="400" tween="cubic" easing="inout">WindowClose</animation>
		<animation effect="slide" start="0,0" end="-500,0" time="400" tween="cubic" easing="inout">Hidden</animation>
		<visible>!Skin.HasSetting(nohomecdart) + !String.Contains(Container(300).ListItem.Property(MainslotClick),TVChannels) + !Control.HasFocus(301)</visible>
		<control type="group"><!-- TV Show - no discart  -->
			<visible>Player.HasMedia + VideoPlayer.Content(episodes)</visible>
			<control type="image">
				<top>698</top>
				<width>450</width>
				<height>26</height>
				<texture flipy="true">backgrounds/bar-right.png</texture>
				<colordiffuse>ACBackgroundColor</colordiffuse>
			</control>
			<control type="image">
				<left>30</left>
				<top>703</top>
				<width>10</width>
				<height>15</height>
				<texture colordiffuse="TextColor3">arrows/arrow_settings.png</texture>
			</control>
			<control type="label">
				<left>50</left>
				<top>699</top>
				<width>400</width>
				<height>20</height>
				<label>$VAR[AKN_Home_value_playertitle]</label>
			</control>
		</control>
		<control type="group"><!-- movies/music - discart  -->
			<left>-85</left>
			<visible>Player.HasMedia + !VideoPlayer.Content(episodes)</visible>
			<animation effect="slide" start="0,0" end="139,0" time="1000" tween="cubic" easing="inout" condition="VideoPlayer.Content(movies) + !String.IsEqual(Control.Getlabel(6053),leer) | Player.HasAudio + !String.IsEqual(Control.Getlabel(6051),leer)">Conditional</animation>
			<control type="image">
				<left>60</left>
				<top>698</top>
				<width>450</width>
				<height>26</height>
				<texture flipy="true">backgrounds/bar-right.png</texture>
				<colordiffuse>ACBackgroundColor_heavy</colordiffuse>
			</control>
			<control type="image">
				<left>94</left>
				<top>703</top>
				<width>10</width>
				<height>15</height>
				<texture colordiffuse="TextColor3">arrows/arrow_settings.png</texture>
			</control>
			<control type="label">
				<left>116</left>
				<top>699</top>
				<width>370</width>
				<height>20</height>
				<label>$VAR[AKN_Home_value_playertitle]</label>
			</control>
			<control type="image" id="6051">
				<include>animation_cdart</include>
				<left>-85</left>
				<top>635</top>
				<width>170</width>
				<height>170</height>
				<texture diffuse="artworks/cdart-diffuse-small.png" background="true" fallback="leer">$VAR[AKN_Home_playerart_value_discart]</texture>
				<aspectratio align="center" aligny="center">keep</aspectratio>
				<visible>Player.HasAudio</visible>
			</control>
			<control type="image" id="6053">
				<include>animation_cdart</include>
				<left>-85</left>
				<top>635</top>
				<width>170</width>
				<height>170</height>
				<texture diffuse="artworks/cdart-diffuse-small.png" fallback="leer">$VAR[AKN_Home_playerart_value_discart]</texture>
				<aspectratio align="center" aligny="center">keep</aspectratio>
				<visible>Player.HasVideo</visible>
			</control>
		</control>
	</control>
	<control type="group" id="606"><!-- PVR-->
		<animation effect="slide" start="-500,0" end="0,0" time="1000" delay="3000" tween="cubic" easing="inout">WindowOpen</animation>
		<animation effect="slide" start="-500,0" end="0,0" time="1000" delay="3000" tween="cubic" easing="inout">Visible</animation>
		<animation effect="slide" start="0,0" end="-500,0" time="400" tween="cubic" easing="inout">WindowClose</animation>
		<animation effect="slide" start="0,0" end="-500,0" time="400" tween="cubic" easing="inout">Hidden</animation>
		<visible>String.Contains(Container(300).ListItem.Property(MainslotClick),TVChannels) + [PVR.IsRecording | PVR.HasNonRecordingTimer]</visible>
		<control type="image">
			<left>120</left>
			<top>635</top>
			<width>15</width>
			<height>15</height>
			<aspectratio>keep</aspectratio>
			<texture colordiffuse="TextColor3">pvr/pvr_hastimer.png</texture>
			<visible>PVR.HasNonRecordingTimer + !PVR.IsRecording</visible>
		</control>
		<control type="image">
			<left>120</left>
			<top>635</top>
			<width>20</width>
			<height>15</height>
			<aspectratio>keep</aspectratio>
			<texture colordiffuse="TextColor3">pvr/pvr_isrecording_back.png</texture>
			<visible>PVR.IsRecording</visible>
		</control>
		<control type="image">
			<left>120</left>
			<top>635</top>
			<width>20</width>
			<height>15</height>
			<aspectratio>keep</aspectratio>
			<texture>pvr/pvr_isrecording_front.png</texture>
			<visible>PVR.IsRecording</visible>
		</control>
		<control type="textbox">
			<left>155</left>
			<top>630</top>
			<width>370</width>
			<include>PlotNormal88</include>
			<aligny>bottom</aligny>
			<label>$VAR[PVR_value_pvrstatus]</label>
		</control>
		<control type="image"><!-- thumb  -->
			<left>6</left>
			<top>620</top>
			<width>110</width>
			<height>90</height>
			<aspectratio align="left" aligny="center">keep</aspectratio>
			<texture background="true" fallback="defaultpictures/DefaultChannel.png">$VAR[AKN_Home_value_pvrcurrenticon]</texture>
			<bordertexture border="6" colordiffuse="$VAR[AC_value_shadow_color]">borders/border6.png</bordertexture>
			<bordersize>6</bordersize>
			<visible>!Skin.HasSetting(borderlessPVRIcons)</visible>
		</control>
		<control type="image"><!-- thumb  -->
			<left>6</left>
			<top>620</top>
			<width>110</width>
			<height>90</height>
			<aspectratio align="left" aligny="center">keep</aspectratio>
			<texture background="true" fallback="defaultpictures/DefaultChannelLogo.png">$VAR[AKN_Home_value_pvrcurrenticon]</texture>
			<visible>Skin.HasSetting(borderlessPVRIcons)</visible>
		</control>
	</control>
	<control type="group" id="604"><!-- Now playing -->
		<top>-50</top>
		<animation effect="slide" start="0,-350" end="0,0" time="400" delay="2000" easing="out" tween="sine">WindowOpen</animation>
		<animation effect="slide" start="0,-350" end="0,0" time="400" delay="500" easing="out" tween="sine">Visible</animation>
		<animation effect="slide" start="0,0" end="0,-350" time="200" easing="out" tween="sine">Hidden</animation>
		<visible>!Player.IsInternetStream + Player.HasMedia + [!Skin.HasSetting(nonowplayingpanel) + ![ControlGroup(601).HasFocus | ControlGroup(602).HasFocus | Stringcompare(Control.GetLabel(3070),weather) | Stringcompare(Control.GetLabel(3070),systeminfo)]] | Skin.HasSetting(nonowplayingpanel)</visible>
		<control type="image">
			<description>shadow bottom</description>
			<top>400</top>
			<include>global_bottomshadow8</include>
		</control>
		<control type="image">
			<description>backdrop</description>
			<width>1280</width>
			<height>400</height>
			<texture>backgrounds/background-homeinfo-overlay.png</texture>
			<colordiffuse>ACBackgroundColor_heavy</colordiffuse>
		</control>
		<control type="image"><!-- Thumb audio -->
			<left>40</left>
			<top>90</top>
			<width>250</width>
			<height>250</height>
			<aspectratio scalediffuse="true">keep</aspectratio>
			<texture fallback="DefaultMusic.png" background="true">$INFO[Container(603).ListItem.Icon]</texture>
			<bordertexture border="10" colordiffuse="$VAR[AC_value_shadow_color]">borders/border6.png</bordertexture>
			<bordersize>10</bordersize>
			<fadetime>FanartCrossFadeTime</fadetime>
			<visible>Control.HasFocus(603)</visible>
		</control>
		<control type="image">
			<description>Hintergrund</description>
			<left>33</left>
			<top>92</top>
			<width>424</width>
			<height>249</height>
			<bordertexture border="8" colordiffuse="$VAR[AC_value_shadow_color]">borders/border6.png</bordertexture>
			<bordersize>8</bordersize>
			<texture border="8" colordiffuse="$VAR[AC_value_shadow_color]">White.png</texture>
			<visible>[Player.HasAudio + !Control.HasFocus(603) | Player.HasVideo]</visible>
		</control>
		<control type="multiimage">
			<left>41</left>
			<top>100</top>
			<width>408</width>
			<height>233</height>
			<timeperimage>5000</timeperimage>
			<randomize>true</randomize>
			<aspectratio>stretch</aspectratio>
			<imagepath fallback="defaultpictures/DefaultMusicExtrathumb.png" background="true">$INFO[Player.Art(fanart)]</imagepath>
			<fadetime>FanartCrossFadeTime</fadetime>
			<visible>Player.HasAudio + !Control.HasFocus(603) + ![Pvr.IsPlayingTv | Pvr.IsPlayingRadio] + !Control.HasFocus(607)</visible>
		</control>
		<control type="videowindow" id="8">
			<left>45</left>
			<top>104</top>
			<width>400</width>
			<height>225</height>
			<aspectratio>stretch</aspectratio>
			<animation effect="slide" start="0,0" end="-2000,0" time="0">WindowClose</animation>
			<visible>Player.HasVideo</visible>
		</control>
		<control type="group"><!-- videoinfo -->
			<left>500</left>
			<top>20</top>
			<visible>Player.HasVideo + ![Pvr.IsPlayingTv | Pvr.IsPlayingRadio]</visible>
			<control type="image">
				<top>145</top>
				<width>450</width>
				<height>2</height>
				<align>left</align>
				<texture flipx="true">backgrounds/divider.png</texture>
				<colordiffuse>$VAR[AC_value_shadow_color]</colordiffuse>
			</control>
			<control type="image">
				<top>122</top>
				<width>410</width>
				<height>25</height>
				<texture>backgrounds/background-gradient.png</texture>
				<colordiffuse>ACBackgroundColor_heavy</colordiffuse>
			</control>
			<control type="image">
				<top>120</top>
				<width>450</width>
				<height>2</height>
				<align>left</align>
				<texture flipx="true">backgrounds/divider.png</texture>
				<colordiffuse>$VAR[AC_value_shadow_color]</colordiffuse>
			</control>
			<control type="label">
				<description>status label</description>
				<top>65</top>
				<width>400</width>
				<height>30</height>
				<textcolor>TextColor2</textcolor>
				<label>$VAR[AKN_Home_value_playerheader]</label>
			</control>
			<control type="label">
				<left>-10</left>
				<top>82</top>
				<width>135</width>
				<height>25</height>
				<label>$VAR[Player-Star-Ratingback-label]</label>
				<font>Rating-small</font>
				<include>Star-Rating-color-layoutback</include>
			</control>
			<control type="label">
				<left>-10</left>
				<top>82</top>
				<width>135</width>
				<height>25</height>
				<label>$VAR[Player-Star-Rating-label]</label>
				<font>Rating-small</font>
				<include>Star-Rating-color-layout</include>
				<visible>Player.HasAudio + String.IsEmpty(MusicPlayer.UserRating) | Player.HasVideo + String.IsEmpty(VideoPlayer.UserRating)</visible>
			</control>
			<control type="label">
				<left>-10</left>
				<top>82</top>
				<width>135</width>
				<height>25</height>
				<label>$VAR[Player-Star-Rating-label]</label>
				<font>Rating-small</font>
				<include>Star-UserRating-color-layout</include>
				<visible>Player.HasAudio + !String.IsEmpty(MusicPlayer.UserRating) | Player.HasVideo + !String.IsEmpty(VideoPlayer.UserRating)</visible>
			</control>
			<control type="grouplist">
				<left>110</left>
				<top>85</top>
				<width>auto</width>
				<orientation>horizontal</orientation>
				<itemgap>3</itemgap>
				<control type="label">
					<width>auto</width>
					<include>AKN_HomeFlagLabel</include>
					<label>$VAR[player_rating_value_label,,  |  ]</label>
				</control>
				<control type="label">
					<width>auto</width>
					<include>AKN_HomeFlagLabel</include>
					<label>$VAR[player_dateprefix]$VAR[player_date,,  |  ]</label>
				</control>
				<control type="label"><!-- Duration -->
					<width>auto</width>
					<include>AKN_HomeFlagLabel</include>
					<label>$INFO[VideoPlayer.Duration,, $LOCALIZE[31026]]</label>
					<visible>!IsEmpty(VideoPlayer.Duration)</visible>
				</control>
			</control>
			<control type="label">
				<description>title label video</description>
				<top>122</top>
				<width>400</width>
				<height>20</height>
				<font>SemiLarge</font>
				<label>$VAR[AKN_Home_value_playertitle]</label>
			</control>
			<control type="textbox">
				<description>plotbox video</description>
				<top>150</top>
				<width>400</width>
				<include>PlotNormal154</include>
				<label fallback="31009">$INFO[VideoPlayer.Plot]</label>
				<textcolor>TextColor2</textcolor>
				<autoscroll delay="20000" time="3000" repeat="20000">true</autoscroll>
				<visible>Player.HasVideo</visible>
			</control>
			<control type="group"><!-- playlist -->
				<left>430</left>
				<visible>IntegerGreaterThan(Playlist.Length,1)</visible>
				<description>nowplaying list</description>
				<control type="label">
					<top>122</top>
					<width>330</width>
					<height>20</height>
					<label>$LOCALIZE[31798]</label>
				</control>
				<control type="list" id="609">
					<left>-15</left>
					<top>150</top>
					<width>330</width>
					<height>150</height>
					<onup>607</onup>
					<ondown>607</ondown>
					<onleft>300</onleft>
					<onright>300</onright>
					<orientation>vertical</orientation>
					<pagecontrol>-</pagecontrol>
					<include>animation_home_fade</include>
					<itemlayout width="330" height="30">
						<control type="label">
							<left>15</left>
							<top>3</top>
							<width>300</width>
							<height>18</height>
							<textcolor>TextColor2</textcolor>
							<label>$INFO[ListItem.Episode,0, ]$INFO[ListItem.Title]</label>
							<visible>!IntegerGreaterThan(ListItem.Episode,9)</visible>
						</control>
						<control type="label">
							<left>15</left>
							<top>3</top>
							<width>300</width>
							<height>18</height>
							<textcolor>TextColor2</textcolor>
							<label>$INFO[ListItem.Episode,, ]$INFO[ListItem.Title]</label>
							<visible>IntegerGreaterThan(ListItem.Episode,9)</visible>
						</control>
					</itemlayout>
					<focusedlayout width="330" height="30">
						<control type="image">
							<top>1</top>
							<width>400</width>
							<height>28</height>
							<include>global_listdiffusefocustexture_flip</include>
							<visible>Control.HasFocus(609)</visible>
						</control>
						<control type="label">
							<left>15</left>
							<top>3</top>
							<width>300</width>
							<height>18</height>
							<textcolor>TextColor2</textcolor>
							<label>$INFO[ListItem.Episode,0, ]$INFO[ListItem.Title]</label>
							<visible>!IntegerGreaterThan(ListItem.Episode,9) + !Control.HasFocus(609)</visible>
						</control>
						<control type="label">
							<left>15</left>
							<top>3</top>
							<width>300</width>
							<height>18</height>
							<textcolor>TextColor2</textcolor>
							<label>$INFO[ListItem.Episode,, ]$INFO[ListItem.Title]</label>
							<visible>IntegerGreaterThan(ListItem.Episode,9) + !Control.HasFocus(609)</visible>
						</control>
						<control type="label">
							<left>15</left>
							<top>3</top>
							<width>300</width>
							<height>18</height>
							<textcolor>TextColorFocus</textcolor>
							<selectedcolor>TextColorSelectFO</selectedcolor>
							<label>$INFO[ListItem.Episode,0, ]$INFO[ListItem.Title]</label>
							<visible>!IntegerGreaterThan(ListItem.Episode,9) + Control.HasFocus(609)</visible>
						</control>
						<control type="label">
							<left>15</left>
							<top>3</top>
							<width>300</width>
							<height>18</height>
							<textcolor>TextColorFocus</textcolor>
							<selectedcolor>TextColorSelectFO</selectedcolor>
							<label>$INFO[ListItem.Episode,, ]$INFO[ListItem.Title]</label>
							<visible>IntegerGreaterThan(ListItem.Episode,9) + Control.HasFocus(609)</visible>
						</control>
					</focusedlayout>
						<content target="video">playlistvideo://</content>
				</control>
			</control>
			<control type="group"><!-- cast -->
				<left>430</left>
				<visible>!IntegerGreaterThan(Playlist.Length,1)</visible>
				<control type="label">
					<description>title label video</description>
					<top>122</top>
					<width>330</width>
					<height>20</height>
					<label>$LOCALIZE[344]</label>
				</control>
				<control type="textbox">
					<description>plotbox video</description>
					<top>150</top>
					<width>330</width>
					<include>PlotNormal154</include>
					<label fallback="31009">$INFO[VideoPlayer.CastAndRole]</label>
					<textcolor>TextColor2</textcolor>
					<autoscroll delay="20000" time="3000" repeat="20000">true</autoscroll>
				</control>
			</control>
		</control>
		<control type="group"><!-- pvrinfo -->
			<left>500</left>
			<top>20</top>
			<visible>Pvr.IsPlayingTv | Pvr.IsPlayingRadio</visible>
			<control type="image">
				<top>145</top>
				<width>450</width>
				<height>2</height>
				<align>left</align>
				<texture flipx="true">backgrounds/divider.png</texture>
				<colordiffuse>$VAR[AC_value_shadow_color]</colordiffuse>
			</control>
			<control type="image">
				<top>122</top>
				<width>410</width>
				<height>25</height>
				<texture>backgrounds/background-gradient.png</texture>
				<colordiffuse>ACBackgroundColor_heavy</colordiffuse>
			</control>
			<control type="image">
				<top>120</top>
				<width>450</width>
				<height>2</height>
				<align>left</align>
				<texture flipx="true">backgrounds/divider.png</texture>
				<colordiffuse>$VAR[AC_value_shadow_color]</colordiffuse>
			</control>
			<control type="label">
				<description>status label</description>
				<top>65</top>
				<width>400</width>
				<height>30</height>
				<textcolor>TextColor2</textcolor>
				<label>$VAR[AKN_Home_value_playerheader]</label>
			</control>
			<control type="grouplist">
				<top>85</top>
				<width>auto</width>
				<orientation>horizontal</orientation>
				<itemgap>3</itemgap>
				<control type="label">
					<width>auto</width>
					<include>AKN_HomeFlagLabel</include>
					<label>$INFO[VideoPlayer.ChannelNumber,, ]$INFO[VideoPlayer.ChannelName]</label>
				</control>
			</control>
			<control type="label">
				<description>channel label</description>
				<left>0</left>
				<top>122</top>
				<width>360</width>
				<height>20</height>
				<font>SemiLarge</font>
				<label>$INFO[VideoPlayer.Title]$INFO[VideoPlayer.ParentalRating, (,)]</label>
			</control>
			<control type="image">
				<left>360</left>
				<top>122</top>
				<width>35</width>
				<height>16</height>
				<aspectratio>keep</aspectratio>
				<texture colordiffuse="TextColor2">pvr/pvr_isencrypted.png</texture>
				<visible>Pvr.ActStreamIsEncrypted</visible>
			</control>
			<control type="image">
				<left>400</left>
				<top>122</top>
				<width>35</width>
				<height>16</height>
				<aspectratio>keep</aspectratio>
				<texture colordiffuse="TextColor3">pvr/pvr_isrecording_back.png</texture>
				<visible>PVR.IsRecording</visible>
			</control>
			<control type="image">
				<left>400</left>
				<top>122</top>
				<width>35</width>
				<height>16</height>
				<aspectratio>keep</aspectratio>
				<texture>pvr/pvr_isrecording_front.png</texture>
				<visible>PVR.IsRecording</visible>
			</control>
			<control type="textbox">
				<description>plotbox video</description>
				<left>0</left>
				<top>150</top>
				<width>400</width>
				<include>PlotNormal154</include>
				<label fallback="31009">$INFO[VideoPlayer.Plot]</label>
				<textcolor>TextColor2</textcolor>
				<autoscroll delay="20000" time="3000" repeat="20000">true</autoscroll>
			</control>
			<control type="group"><!-- next -->
				<left>430</left>
				<top>0</top>
				<visible>!IsEmpty(VideoPlayer.NextStartTime)</visible>
				<description>next list</description>
				<control type="label">
					<left>0</left>
					<top>65</top>
					<width>340</width>
					<height>30</height>
					<textcolor>TextColor2</textcolor>
					<label>$LOCALIZE[31039]</label>
				</control>
				<control type="grouplist">
					<left>0</left>
					<top>85</top>
					<width>340</width>
					<orientation>horizontal</orientation>
					<itemgap>3</itemgap>
					<control type="label">
						<width>auto</width>
						<include>AKN_HomeFlagLabel</include>
						<label>$INFO[VideoPlayer.NextStartTime]$INFO[VideoPlayer.NextEndTime,/,]$INFO[VideoPlayer.NextDuration,  , $LOCALIZE[31026]]</label>
					</control>
				</control>
				<control type="label">
					<description>channel label</description>
					<left>0</left>
					<top>122</top>
					<width>340</width>
					<height>20</height>
					<font>SemiLarge</font>
					<label>$INFO[VideoPlayer.NextTitle]</label>
				</control>
				<control type="textbox">
					<description>plotbox video</description>
					<left>0</left>
					<top>150</top>
					<width>340</width>
					<include>PlotNormal154</include>
					<label fallback="31009">$INFO[VideoPlayer.NextPlot]</label>
					<textcolor>TextColor2</textcolor>
					<autoscroll delay="20000" time="3000" repeat="20000">true</autoscroll>
				</control>
			</control>
		
		</control>
		<control type="button" id="608"><!-- audioinfo -->
			<left>1210</left>
			<top>370</top>
			<width>25</width>
			<height>25</height>
			<onright condition="System.HasAddon(script.extendedinfo) + !Skin.HasSetting(nonexttracks)">607</onright>
			<onright condition="!IsEmpty(MusicPlayer.offset(1).Artist) + Skin.HasSetting(nonexttracks)">603</onright>
			<ondown>300</ondown>
			<onup condition="System.HasAddon(script.extendedinfo) + !Skin.HasSetting(nonexttracks)">607</onup>
			<onup condition="!IsEmpty(MusicPlayer.offset(1).Artist) + Skin.HasSetting(nonexttracks)">603</onup>
			<onclick>Skin.ToggleSetting(nonexttracks)</onclick>
			<visible>Player.HasAudio + ![Pvr.IsPlayingTv | Pvr.IsPlayingRadio]</visible>
			<texturenofocus colordiffuse="TextColor3">arrows/arrow_up.png</texturenofocus>
			<texturefocus colordiffuse="ACSkinColor">arrows/arrow_up.png</texturefocus>
		</control>
		<control type="group">
			<left>480</left>
			<visible>Player.HasAudio + ![Pvr.IsPlayingTv | Pvr.IsPlayingRadio]</visible>
			<animation effect="slide" start="0,0" end="-155,0" time="50" easing="inout" tween="sine" condition="Control.HasFocus(603)">Conditional</animation>
			<control type="label">
				<description>status label</description>
				<top>85</top>
				<width>300</width>
				<height>30</height>
				<textcolor>TextColor2</textcolor>
				<label>$VAR[AKN_Home_value_playerheader]</label>
			</control>
			<control type="label">
				<description>title label on music multiple item</description>
				<top>115</top>
				<width>350</width>
				<height>30</height>
				<font>SemiLarge</font>
				<label>$VAR[AKN_Home_value_playertitle]</label>
			</control>
			<control type="label">
				<description>subtitle label on music multiple item</description>
				<top>145</top>
				<width>350</width>
				<height>20</height>
				<textcolor>TextColor2</textcolor>
				<label>$VAR[AKN_Home_value_playersubtitle]</label>
			</control>
			<control type="label">
				<description>detailinfo</description>
				<top>175</top>
				<width>350</width>
				<height>100</height>
				<aligny>top</aligny>
				<textcolor>TextColor2</textcolor>
				<label>$INFO[Container(603).ListItem.Property(Details)]</label>
				<visible>Control.HasFocus(603)</visible>
			</control>
			<control type="image">
				<top>170</top>
				<width>350</width>
				<height>2</height>
				<align>left</align>
				<texture flipx="true" colordiffuse="$VAR[AC_value_shadow_color]">backgrounds/divider.png</texture>
			</control>
			<control type="textbox">
				<description>plotbox music multiple item</description>
				<top>180</top>
				<width>350</width>
				<include>PlotNormal154</include>
				<label>$INFO[MusicPlayer.Property(Album_Description)]$INFO[MusicPlayer.Property(Artist_Description)]</label>
				<textcolor>TextColor2</textcolor>
				<autoscroll delay="20000" time="3000" repeat="20000">true</autoscroll>
				<visible>!Control.HasFocus(603)</visible>
			</control>
			<control type="group"><!-- discocraphy list -->
				<description>discocraphy list</description>
				<visible allowhiddenfocus="true">System.HasAddon(script.extendedinfo) + !Skin.HasSetting(nonexttracks) + Player.HasAudio + !IsEmpty(MusicPlayer.Artist)</visible>
				<control type="label">
					<left>400</left>
					<top>85</top>
					<width>550</width>
					<height>30</height>
					<textcolor>TextColor2</textcolor>
					<label>$LOCALIZE[31091] $INFO[MusicPlayer.Artist]:</label>
				</control>
				<control type="label">
					<left>400</left>
					<top>115</top>
					<width>550</width>
					<height>30</height>
					<textcolor>TextColor1</textcolor>
					<label>$INFO[Container(607).NumItems] $LOCALIZE[31001]</label>
				</control>
				<control type="list" id="607">
					<left>400</left>
					<top>150</top>
					<width>410</width>
					<height>210</height>
					<onup>603</onup>
					<ondown>603</ondown>
					<onleft>608</onleft>
					<onright>608</onright>
					<orientation>vertical</orientation>
					<pagecontrol>-</pagecontrol>
					<include>animation_home_fade</include>
					<itemlayout width="410" height="30">
						<control type="image">
							<left>2</left>
							<top>2</top>
							<width>25</width>
							<height>25</height>
							<texture fallback="DefaultMusic.png" diffuse="home/home_matte_thumb.png" background="true">$INFO[ListItem.Icon]</texture>
							<aspectratio align="center">stretch</aspectratio>
						</control>
						<control type="label">
							<left>40</left>
							<top>3</top>
							<width>330</width>
							<height>18</height>
							<label>$INFO[ListItem.Label]</label>
							<textcolor>TextColor2</textcolor>
						</control>
					</itemlayout>
					<focusedlayout width="410" height="30">
						<control type="image">
							<left>35</left>
							<top>1</top>
							<width>360</width>
							<height>28</height>
							<include>global_listdiffusefocustexture_flip</include>
							<visible>Control.HasFocus(607)</visible>
						</control>
						<control type="image">
							<left>2</left>
							<top>2</top>
							<width>25</width>
							<height>25</height>
							<texture fallback="DefaultMusic.png" diffuse="home/home_matte_thumb.png" background="true">$INFO[ListItem.Icon]</texture>
							<aspectratio align="center">stretch</aspectratio>
						</control>
						<control type="label">
							<left>40</left>
							<top>3</top>
							<width>330</width>
							<height>18</height>
							<label>$INFO[ListItem.Label]</label>
							<textcolor>TextColor2</textcolor>
							<visible>!Control.HasFocus(607)</visible>
						</control>
						<control type="label">
							<left>40</left>
							<top>3</top>
							<width>330</width>
							<height>18</height>
							<label>$INFO[ListItem.Label]</label>
							<textcolor>TextColorFocus</textcolor>
							<visible>Control.HasFocus(607)</visible>
						</control>
					</focusedlayout>
					<content target="music">$VAR[AKN_Home_value_nowplaying_discography]</content>
				</control>
			</control>
			<control type="group"><!-- nowplaying list -->
				<description>music nowplaying list</description>
				<visible allowhiddenfocus="true">Skin.HasSetting(nonexttracks) + !IsEmpty(MusicPlayer.offset(1).Artist) + Player.HasAudio</visible>
				<control type="label">
					<left>400</left>
					<top>85</top>
					<width>550</width>
					<height>30</height>
					<textcolor>TextColor2</textcolor>
					<label>$LOCALIZE[559]</label>
				</control>
				<control type="label">
					<left>400</left>
					<top>115</top>
					<width>550</width>
					<height>30</height>
					<textcolor>TextColor1</textcolor>
					<label>$INFO[Container(603).NumItems] $LOCALIZE[31021]</label>
				</control>
				<control type="panel" id="603">
					<left>400</left>
					<top>150</top>
					<width>610</width>
					<height>210</height>
					<onup>603</onup>
					<ondown>603</ondown>
					<onleft>608</onleft>
					<onright>608</onright>
					<orientation>vertical</orientation>
					<pagecontrol>-</pagecontrol>
					<include>animation_home_fade</include>
					<itemlayout width="610" height="30">
						<control type="image">
							<left>2</left>
							<top>2</top>
							<width>25</width>
							<height>25</height>
							<texture fallback="DefaultMusic.png" diffuse="home/home_matte_thumb.png" background="true">$INFO[ListItem.Icon]</texture>
							<aspectratio align="center">stretch</aspectratio>
						</control>
						<control type="label">
							<left>4</left>
							<top>3</top>
							<width>50</width>
							<height>18</height>
							<align>right</align>
							<label>$INFO[ListItem.Label]</label>
							<textcolor>TextColor2</textcolor>
						</control>
						<control type="label">
							<left>64</left>
							<top>3</top>
							<width>330</width>
							<height>18</height>
							<label>$INFO[ListItem.Label2]</label>
							<textcolor>TextColor2</textcolor>
						</control>
					</itemlayout>
					<focusedlayout width="610" height="30">
						<control type="image">
							<left>0</left>
							<top>1</top>
							<width>612</width>
							<height>28</height>
							<include>global_listdiffusefocustexture_flip</include>
							<visible>Control.HasFocus(603)</visible>
						</control>
						<control type="image">
							<left>2</left>
							<top>2</top>
							<width>25</width>
							<height>25</height>
							<texture fallback="DefaultMusic.png" diffuse="home/home_matte_thumb.png" background="true">$INFO[ListItem.Icon]</texture>
							<aspectratio align="center">stretch</aspectratio>
						</control>
						<control type="label">
							<left>4</left>
							<top>3</top>
							<width>50</width>
							<height>18</height>
							<align>right</align>
							<label>$INFO[ListItem.Label]</label>
							<textcolor>TextColor2</textcolor>
							<visible>!Control.HasFocus(603)</visible>
						</control>
						<control type="label">
							<left>64</left>
							<top>3</top>
							<width>530</width>
							<height>18</height>
							<label>$INFO[ListItem.Label2]</label>
							<textcolor>TextColor2</textcolor>
							<visible>!Control.HasFocus(603)</visible>
						</control>
						<control type="label">
							<left>4</left>
							<top>3</top>
							<width>50</width>
							<height>18</height>
							<align>right</align>
							<label>$INFO[ListItem.Label]</label>
							<textcolor>TextColorFocus</textcolor>
							<selectedcolor>TextColorSelectFO</selectedcolor>
							<visible>Control.HasFocus(603)</visible>
						</control>
						<control type="label">
							<left>64</left>
							<top>3</top>
							<width>530</width>
							<height>18</height>
							<label>$INFO[ListItem.Label2]</label>
							<textcolor>TextColorFocus</textcolor>
							<selectedcolor>TextColorSelectFO</selectedcolor>
							<visible>Control.HasFocus(603)</visible>
						</control>
					</focusedlayout>
					<include>AKN_Home_NextTracksContent</include>
				</control>
			</control>
		</control>
	</control>
	<control type="group"><!-- widgets menuebar label -->
		<animation effect="slide" start="-500,0" end="0,0" time="500" delay="1000" tween="sine" easing="out">Visible</animation>
		<animation effect="slide" start="0,0" end="-500,0" time="500" tween="sine" easing="out">Hidden</animation>
		<visible>[ControlGroup(602).HasFocus | Control.HasFocus(550)] + !String.IsEqual(Control.Getlabel(6021),xxx)</visible>
		<control type="image">
			<top>605</top>
			<width>500</width>
			<height>26</height>
			<texture>backgrounds/bar-right.png</texture>
			<colordiffuse>ACBackgroundColor</colordiffuse>
		</control>
		<control type="label" id="6021">
			<left>20</left>
			<top>608</top>
			<width>450</width>
			<height>20</height>
			<align>right</align>
			<label fallback="xxx">$VAR[widget_focus_menuebar]</label>
		</control>
	</control>
	<control type="group" id="602"><!-- Widgets -->
		<include>widget_control</include>
		<include>widget_media</include>
		<include>widget_contents</include>
		<include>widget_systeminfo</include>
		<include>widget_weather</include>
		<control type="button" id="5110"><!-- Control Button -->
			<description>widgets onfocus control button</description>
			<include>Hiddencontrol</include>
			<onfocus condition="Stringcompare(Control.GetLabel(3070),album) | Stringcompare(Control.GetLabel(3070),song) | Stringcompare(Control.GetLabel(3070),addon) | Stringcompare(Control.GetLabel(3070),movieset) | Stringcompare(Control.GetLabel(3070),movie) | Stringcompare(Control.GetLabel(3070),tvshow) | Stringcompare(Control.GetLabel(3070),episode) | Stringcompare(Control.GetLabel(3070),favourite) | Stringcompare(Control.GetLabel(3070),moviegenres) | Stringcompare(Control.GetLabel(3070),tvshowgenres) | Substring(Control.GetLabel(3070),pvrcontentall) | String.IsEqual(Control.GetLabel(3070),custom)">SetFocus(510)</onfocus>
			<onfocus condition="Substring(Control.GetLabel(3070),pinboardaddon) + !IsEmpty(Container(512).ListItem.Label)">SetFocus(512)</onfocus>
			<onfocus condition="Substring(Control.GetLabel(3070),pinboardaddon) + IsEmpty(Container(512).ListItem.Label)">SetFocus(5100)</onfocus>
			<onfocus condition="Stringcompare(Control.GetLabel(3070),pvrcontentgroup) + !IsEmpty(Container(510).ListItem.Label)">SetFocus(510)</onfocus>
			<onfocus condition="Stringcompare(Control.GetLabel(3070),pvrcontentgroup) + IsEmpty(Container(510).ListItem.Label)">SetFocus(5100)</onfocus>
			<onfocus condition="Stringcompare(Control.GetLabel(3070),weather)">SetFocus(530)</onfocus>
			<onfocus condition="Stringcompare(Control.GetLabel(3070),systeminfo)">SetFocus(531)</onfocus>
			<onfocus condition="Stringcompare(Control.GetLabel(3070),pvrgoto)">SetFocus(513)</onfocus>
		</control>
		<control type="button" id="530">
			<description>weather Focusbutton</description>
			<include>Hiddencontrol</include>
			<onleft>SetFocus(300)</onleft>
			<onright>SetFocus(300)</onright>
			<onup>SetFocus(300)</onup>
			<ondown>SetFocus(300)</ondown>
			<onclick condition="Substring(Skin.String(weather_mode),7days) | IsEmpty(Skin.String(weather_mode))">Skin.SetString(weather_mode,36hour)</onclick>
			<onclick condition="Substring(Skin.String(weather_mode),36hour)">Skin.SetString(weather_mode,weekend)</onclick>
			<onclick condition="Substring(Skin.String(weather_mode),weekend)">Skin.SetString(weather_mode,7days)</onclick>
		</control>
	</control>
	<include>widget_infopanel</include><!-- Widgetinfo -->
	<control type="group"><!-- playercontrols -->
		<visible>Player.HasMedia</visible>
		<animation effect="slide" start="1280,0" end="0,0" time="500" delay="1000" tween="sine" easing="out">WindowOpen</animation>
		<animation effect="slide" start="1280,0" end="0,0" time="500" delay="1000" tween="sine" easing="out">Visible</animation>
		<animation effect="slide" start="0,0" end="1280,0" time="500" delay="1000" tween="sine" easing="out">Hidden</animation>
		<control type="image">
			<left>925</left>
			<top>518</top>
			<width>500</width>
			<height>28</height>
			<texture flipx="true" flipy="true">backgrounds/bar-right.png</texture>
			<colordiffuse>ACBackgroundColor</colordiffuse>
		</control>
		<control type="list" id="600"><!-- Controls -->
			<left>970</left>
			<top>498</top>
			<height>200</height>
			<width>400</width>
			<onleft condition="!IsEmpty(Control.GetLabel(3070))">5100</onleft><!-- widget Selector -->
			<onleft>600</onleft>
			<onright>600</onright>
			<ondown>300</ondown><!-- mainmenue -->
			<onup condition="IsEmpty(Control.GetLabel(3070)) + Player.HasVideo + !IntegerGreaterThan(Playlist.Length,1)">SetFocus(609)</onup><!-- video nowplaying list -->
			<onup condition="IsEmpty(Control.GetLabel(3070)) + !Skin.HasSetting(nonexttracks) + Player.HasAudio + !IsEmpty(MusicPlayer.Artist)">SetFocus(607)</onup><!-- discocraphy list -->
			<onup condition="IsEmpty(Control.GetLabel(3070)) + [Skin.HasSetting(nonexttracks) + !IsEmpty(MusicPlayer.offset(1).Artist)] | [!Skin.HasSetting(nonexttracks) + !IsEmpty(MusicPlayer.offset(1).Artist)] + Player.HasAudio">SetFocus(603)</onup><!-- nowplaying list -->
			<onup condition="!IsEmpty(Control.GetLabel(3070))">5110</onup><!-- widgets -->
			<viewtype>list</viewtype>
			<align>right</align>
			<orientation>horizontal</orientation>
			<scrolltime>200</scrolltime>
			<focusposition>0</focusposition>
			<itemlayout width="31" height="40">
				<control type="image">
					<top>24</top>
					<width>22</width>
					<height>22</height>
					<texture>$INFO[ListItem.Icon]</texture>
					<colordiffuse>TextColor3</colordiffuse>
					<include>animation_vhoc_fade</include>
				</control>
			</itemlayout>
			<focusedlayout width="31" height="40">
				<control type="image">
					<top>24</top>
					<width>22</width>
					<height>22</height>
					<texture>$INFO[ListItem.Icon]</texture>
					<colordiffuse>TextColor3</colordiffuse>
					<include>animation_vhoc_fade</include>
					<visible>!Control.HasFocus(600)</visible>
				</control>
				<control type="image">
					<top>24</top>
					<width>22</width>
					<height>22</height>
					<texture>$INFO[ListItem.Icon]</texture>
					<colordiffuse>ACSkinColor</colordiffuse>
					<include>animation_vhoc_fade</include>
					<visible>Control.HasFocus(600)</visible>
				</control>
			</focusedlayout>
			<content>
				<item id="1">
					<description>play DVD</description>
					<label>-</label>
					<icon>home/playercontrol/play.png</icon>
					<onclick>PlayDVD</onclick>
					<visible>System.HasMediaDVD + ![Player.Playing | Player.Paused | Player.Forwarding | Player.Rewinding]</visible>
				</item>
				<item id="2">
					<description>pause</description>
					<label>-</label>
					<icon>home/playercontrol/pause.png</icon>
					<onclick>PlayerControl(Play)</onclick>
					<visible>!Player.Paused</visible>
				</item>
				<item id="3">
					<description>play</description>
					<label>-</label>
					<icon>home/playercontrol/play.png</icon>
					<onclick>PlayerControl(Play)</onclick>
					<visible>Player.Paused</visible>
				</item>
				<item id="4">
					<description>playlist</description>
					<label>-</label>
					<icon>home/playercontrol/playlist.png</icon>
					<onclick condition="Player.HasAudio">ActivateWindow(musicplaylist)</onclick>
					<onclick condition="Player.HasVideo">ActivateWindow(videoplaylist)</onclick>
					<visible>Player.HasAudio + !IsEmpty(MusicPlayer.offset(1).Artist) | Player.HasVideo + IntegerGreaterThan(Playlist.Length,1)</visible>
				</item>
				<item id="5">
					<description>$LOCALIZE[36044]</description>
					<label>-</label>
					<icon>home/playercontrol/stop.png</icon>
					<onclick>PlayerControl(Stop)</onclick>
					<onclick>SetFocus(300)</onclick>
				</item>
				<item id="6">
					<description>skipbwd</description>
					<label>-</label>
					<icon>home/playercontrol/skipbwd.png</icon>
					<onclick>PlayerControl(Previous)</onclick>
					<visible>!VideoPlayer.Content(LiveTV) + IntegerGreaterThan(Playlist.Length,1)</visible>
				</item>
				<item id="6">
					<description>- canal</description>
					<label>-</label>
					<icon>home/playercontrol/skipbwd_channeldown.png</icon>
					<onclick>PlayerControl(Previous)</onclick>
					<visible>VideoPlayer.Content(LiveTV)</visible>
				</item>
				<item id="7">
					<description>rew</description>
					<label>-</label>
					<icon>home/playercontrol/rew.png</icon>
					<onclick>PlayerControl(Rewind)</onclick>
				</item>
				<item id="8">
					<description>ff</description>
					<label>-</label>
					<icon>home/playercontrol/ff.png</icon>
					<onclick>PlayerControl(Forward)</onclick>
				</item>
				<item id="9">
					<description>skipfwd</description>
					<label>-</label>
					<icon>home/playercontrol/skipfwd.png</icon>
					<onclick>PlayerControl(Next)</onclick>
					<visible>!VideoPlayer.Content(LiveTV) + IntegerGreaterThan(Playlist.Length,1)</visible>
				</item>
				<item id="9">
					<description>+ canal</description>
					<label>-</label>
					<icon>home/playercontrol/skipfwd_channelup.png</icon>
					<onclick>PlayerControl(Next)</onclick>
					<visible>VideoPlayer.Content(LiveTV)</visible>
				</item>
				<item id="10">
					<description>repeat</description>
					<label>-</label>
					<icon>$VAR[AKN_Home_value_playericon_repeat]</icon>
					<onclick>PlayerControl(Repeat)</onclick>
					<visible>!VideoPlayer.Content(LiveTV)</visible>
				</item>
				<item id="11">
					<description>random</description>
					<label>-</label>
					<icon>$VAR[AKN_Home_value_playericon_random]</icon>
					<onclick>PlayerControl(Random)</onclick>
					<visible>!VideoPlayer.Content(LiveTV)</visible>
				</item>
				<item id="12">
					<description>fullscreen</description>
					<label>-</label>
					<icon>home/playercontrol/fullscreen.png</icon>
					<onclick>fullscreen</onclick>
				</item>
			</content>
		</control>
	</control>
	<control type="group"><!-- menue -->
		<control type="image">
			<top>545</top>
			<width>1280</width>
			<height>60</height>
			<texture>White.png</texture>
			<colordiffuse>ACBackgroundColor</colordiffuse>
		</control>
		<control type="image">
			<top>565</top>
			<width>1280</width>
			<height>40</height>
			<texture diffuse="backgrounds/background-smalloverlay.png">White.png</texture>
			<colordiffuse>ACFloorColor</colordiffuse>
		</control>
		<control type="image">
			<top>545</top>
			<width>1280</width>
			<height>1</height>
			<texture>backgrounds/home-menueline.png</texture>
			<colordiffuse>$VAR[AC_value_shadow_color]</colordiffuse>
		</control>
		<control type="image">
			<top>605</top>
			<width>1280</width>
			<height>1</height>
			<texture>backgrounds/home-menueline.png</texture>
			<colordiffuse>$VAR[AC_value_shadow_color]</colordiffuse>
		</control>
		<control type="image">
			<description>top shadow</description>
			<top>537</top>
			<include>global_topshadow8</include>
		</control>
		<control type="image">
			<description>bottom shadow</description>
			<top>605</top>
			<include>global_bottomshadow8</include>
		</control>
		<control type="wraplist" id="300">
			<viewtype label="Main Menu">list</viewtype>
			<animation type="WindowOpen" reversible="false" condition="true">
				<effect type="slide" start="-1280" end="0" time="600" tween="quadratic" easing="out" />
				<effect type="fade" start="0" end="100" time="400" />
			</animation>
			<animation type="VisibleChange" reversible="false" condition="true">
				<effect type="slide" start="-1280" end="0" time="600" tween="quadratic" easing="out" />
				<effect type="fade" start="0" end="100" time="400" />
			</animation>
			<animation effect="fade" start="100" end="0" time="100">WindowClose</animation>
			<animation effect="fade" start="100" end="0" time="750" condition="[Player.HasMedia + System.IdleTime(8)] + !Window.IsVisible(6000)">Conditional</animation>
			<animation effect="fade" start="100" end="0" time="300" condition="ControlGroup(602).HasFocus | Control.HasFocus(600) | Control.HasFocus(550)">Conditional</animation>
			<top>545</top>
			<width>1280</width>
			<height>60</height>
			<onright>300</onright>
			<onleft>300</onleft>
			<onup condition="!IsEmpty(Control.GetLabel(3070)) + !Player.HasMedia">5110</onup><!-- widgets -->
			<onup condition="Player.HasMedia">600</onup><!-- Playercontrols -->
			<ondown>SetFocus(301)</ondown>
			<orientation>horizontal</orientation>
			<scrolltime>350</scrolltime>
			<focusposition>1</focusposition>
			<itemlayout width="426" height="60">
				<control type="label">
					<left>15</left>
					<top>-2</top>
					<font>Mainmenue</font>
					<height>63</height>
					<width>400</width>
					<align>center</align>
					<label>$INFO[ListItem.Label]</label>
					<textcolor>TextColor3</textcolor>
				</control>
			</itemlayout>
			<focusedlayout width="426" height="60">
				<control type="label">
					<left>15</left>
					<top>-2</top>
					<font>Mainmenue</font>
					<height>63</height>
					<width>400</width>
					<align>center</align>
					<label>$INFO[ListItem.Label]</label>
					<textcolor>TextColor1</textcolor>
					<animation effect="fade" start="100" end="50" time="100" condition="!Control.Hasfocus(300)">conditional</animation>
				</control>
			</focusedlayout>
			<content>
				<include>Menu_Content</include>
			</content>
		</control>
		<control type="group"><!-- Submenu -->
			<top>720</top>
			<animation effect="slide" start="0,-40" end="0,0" time="300" easing="inout" tween="sine">unfocus</animation>
			<animation effect="slide" start="0,0" end="0,-40" time="300" tween="cubic" easing="inout">focus</animation>
			<control type="image">
				<description>shadow</description>
				<width>1285</width>
				<include>global_topshadow5</include>
			</control>
			<control type="image">
				<description>background</description>
				<top>5</top>
				<height>60</height>
				<width>1285</width>
				<texture flipy="true" colordiffuse="ACBackgroundColor_light">White.png</texture>
			</control>
			<control type="image">
				<description>background</description>
				<top>5</top>
				<height>20</height>
				<width>1285</width>
				<texture flipy="true" diffuse="backgrounds/background-overlay-diffuse.png" colordiffuse="ACBackgroundColor">White.png</texture>
			</control>
			<control type="image">
				<description>background</description>
				<top>25</top>
				<height>40</height>
				<width>1285</width>
				<texture diffuse="backgrounds/background-overlay-diffuse.png" colordiffuse="ACBackgroundColor">White.png</texture>
			</control>
			<control type="panel" id="301">
				<top>4</top>
				<height>40</height>
				<width>1281</width>
				<onleft>301</onleft>
				<onright>301</onright>
				<onup>300</onup>
				<ondown>noop</ondown>
				<orientation>vertical</orientation>
				<itemgap>0</itemgap>
				<focusposition>0</focusposition>
				<pagecontrol>80</pagecontrol>
				<scrolltime>450</scrolltime>
				<include>animation_vhoc_fade</include>
				<itemlayout width="427" height="40">
					<control type="label">
						<width>427</width>
						<height>40</height>
						<font>Submenue</font>
						<label>$INFO[ListItem.Label]</label>
						<textcolor>TextColor3</textcolor>
						<textoffsetx>20</textoffsetx>
					</control>
				</itemlayout>
				<focusedlayout width="427" height="40">
					<control type="image">
						<width>427</width>
						<height>40</height>
						<texture colordiffuse="ACSkinColor">buttons/button_focus.png</texture>
						<visible>Control.HasFocus(301)</visible>
						<include>animation_vhc_fade</include>
					</control>
					<control type="label">
						<width>427</width>
						<height>40</height>
						<font>Submenue</font>
						<textcolor>TextColor3</textcolor>
						<label>$INFO[ListItem.Label]</label>
						<textoffsetx>20</textoffsetx>
						<visible>!Control.HasFocus(301)</visible>
					</control>
					<control type="label">
						<width>427</width>
						<height>40</height>
						<font>Submenue</font>
						<textcolor>TextColorFocus</textcolor>
						<label>$INFO[ListItem.Label]</label>
						<textoffsetx>20</textoffsetx>
						<visible>Control.HasFocus(301)</visible>
					</control>
				</focusedlayout>
				<content>
					<include>SubMenu_Content</include>
				</content>
			</control>
			<control type="image"><!-- Arrow -->
				<left>1200</left>
				<top>12</top>
				<height>20</height>
				<width>60</width>
				<aligny>top</aligny>
				<aspectratio aligny="center">keep</aspectratio>
				<texture flipy="true">arrows/arrow_up.png</texture>
				<colordiffuse>TextColor1</colordiffuse>
				<visible>IntegerGreaterThan(Container(301).NumItems,3)</visible>
			</control>
		</control>
		<control type="label"><!-- Menue Focus Label replacement - Widget -->
			<left>40</left>
			<top>543</top>
			<font>WidgetLabel</font>
			<height>63</height>
			<width>1200</width>
			<align>center</align>
			<label>$VAR[widget_focus_menuelabel]</label>
			<visible>Control.HasFocus(550) | ControlGroup(602).HasFocus + ![Player.HasMedia + System.IdleTime(8)]</visible>
			<animation effect="fade" start="0" end="100" time="280" delay="360" tween="sine" easing="in">Visible</animation>
			<animation effect="fade" start="100" end="0" time="180" tween="sine" easing="out">Hidden</animation>
		</control>
		<control type="label"><!-- Menue Focus Label replacement - Nowplaying playercontrol -->
			<left>40</left>
			<top>543</top>
			<font>WidgetLabel</font>
			<height>63</height>
			<width>1200</width>
			<align>center</align>
			<label>$VAR[AKN_Home_value_playercontrols]</label>
			<visible>Control.HasFocus(600) + ![Player.HasMedia + System.IdleTime(8)]</visible>
			<animation effect="fade" start="0" end="100" time="280" delay="360" tween="sine" easing="in">Visible</animation>
			<animation effect="fade" start="100" end="0" time="180" tween="sine" easing="out">Hidden</animation>
		</control>
		<control type="progress"><!-- Menue Focus Label replacement - Nowplaying -->
			<top>532</top>
			<width>1280</width>
			<height>86</height>
			<info>Player.Progress</info>
			<texturebg>dialogs/progress/progress_clear.png</texturebg>
			<midtexture colordiffuse="$VAR[AC_value_progresscolor]">dialogs/progress/progress_mid_big.png</midtexture>
			<lefttexture colordiffuse="TextColorFocus">-</lefttexture>
			<righttexture colordiffuse="TextColorFocus">-</righttexture>
			<animation effect="fade" start="100" end="40" time="0" condition="true">Conditional</animation>
			<animation effect="fade" start="0" end="100" time="750" condition="Player.HasMedia + System.IdleTime(8)">Conditional</animation>
			<visible>Player.HasMedia + System.IdleTime(8) + !Pvr.IsPlayingTv + !Pvr.IsPlayingRadio</visible><!-- -->
		</control>
		<control type="label">
			<left>40</left>
			<top>543</top>
			<font>WidgetLabel</font>
			<height>63</height>
			<width>1200</width>
			<align>center</align>
			<label>$INFO[Player.Time]$INFO[Player.Duration, / ,]</label>
			<animation effect="fade" start="0" end="100" time="280" delay="360" tween="sine" easing="in">Visible</animation>
			<animation effect="fade" start="100" end="0" time="180" tween="sine" easing="out">Hidden</animation>
			<visible>Player.HasMedia + System.IdleTime(8)</visible>
		</control>
	</control>
</control>
<include>viewglobal_video_trailerwindow</include>
</controls>
</window>
