<?xml version="1.0" encoding="UTF-8"?>
<includes>
<variable name="viewbannerinfo-value-wildcard1-thumbartwork">
	<value condition="String.IsEqual(Skin.String(BannerinfoRow1),Fanart) + !String.IsEqual(Control.Getlabel(6300),xx)">$VAR[value_defaultfanart]</value>
	<value condition="String.IsEqual(Skin.String(BannerinfoRow1),Extra-Fanart) + !String.IsEqual(Control.Getlabel(6300),xx)">$INFO[Control.GetLabel(5300)]</value>
	<value condition="String.IsEqual(Skin.String(BannerinfoRow1),Extra-Thumb) + !String.IsEqual(Control.Getlabel(6300),xx)">$INFO[Control.GetLabel(5301)]</value>
	<value condition="String.IsEqual(Skin.String(BannerinfoRow1),Landscape) + !String.IsEqual(Control.Getlabel(6300),xx)">$VAR[art_value_landscape]</value>
	<value condition="String.IsEqual(Skin.String(BannerinfoFallbackRow1),Fanart) + String.IsEqual(Control.Getlabel(6300),xx)">$VAR[value_defaultfanart]</value>
	<value condition="String.IsEqual(Skin.String(BannerinfoFallbackRow1),Landscape) + String.IsEqual(Control.Getlabel(6300),xx)">$VAR[art_value_landscape]</value>
	<value condition="String.IsEqual(Skin.String(BannerinfoFallbackRow1),Defaultpicture) + String.IsEqual(Control.Getlabel(6300),xx)">defaultpictures/DefaultMovieExtrathumb.png</value>
	<value>-</value>
</variable>
<variable name="viewbannerinfo-value-wildcard1-cleardiffuse">
	<value condition="String.IsEqual(Skin.String(BannerinfoRow1),Clear-Art) + !String.IsEqual(Control.Getlabel(6300),xx)">White.png</value>
	<value condition="String.IsEqual(Skin.String(BannerinfoRow1),Clear-Logo) + !String.IsEqual(Control.Getlabel(6300),xx)">White.png</value>
	<value condition="String.IsEqual(Skin.String(BannerinfoFallbackRow1),Clear-Art) + String.IsEqual(Control.Getlabel(6300),xx)">White.png</value>
	<value condition="String.IsEqual(Skin.String(BannerinfoFallbackRow1),Clear-Logo) + String.IsEqual(Control.Getlabel(6300),xx)">White.png</value>
	<value>-</value>
</variable>
<variable name="viewbannerinfo-value-wildcard1-clearartwork">
	<value condition="String.IsEqual(Skin.String(BannerinfoRow1),Clear-Art) + !String.IsEqual(Control.Getlabel(6300),xx)">$VAR[art_value_clearart]</value>
	<value condition="String.IsEqual(Skin.String(BannerinfoRow1),Clear-Logo) + !String.IsEqual(Control.Getlabel(6300),xx)">$VAR[art_value_logo]</value>
	<value condition="String.IsEqual(Skin.String(BannerinfoFallbackRow1),Clear-Art) + String.IsEqual(Control.Getlabel(6300),xx)">$VAR[art_value_clearart]</value>
	<value condition="String.IsEqual(Skin.String(BannerinfoFallbackRow1),Clear-Logo) + String.IsEqual(Control.Getlabel(6300),xx)">$VAR[art_value_logo]</value>
	<value>-</value>
</variable>

<variable name="viewbannerinfo-value-wildcard2-thumbartwork">
	<value condition="String.IsEqual(Skin.String(BannerinfoRow2),Fanart) + !String.IsEqual(Control.Getlabel(6301),xx)">$VAR[value_defaultfanart]</value>
	<value condition="String.IsEqual(Skin.String(BannerinfoRow2),Extra-Fanart) + !String.IsEqual(Control.Getlabel(6301),xx)">$INFO[Control.GetLabel(5300)]</value>
	<value condition="String.IsEqual(Skin.String(BannerinfoRow2),Extra-Thumb) + !String.IsEqual(Control.Getlabel(6301),xx)">$INFO[Control.GetLabel(5301)]</value>
	<value condition="String.IsEqual(Skin.String(BannerinfoRow2),Landscape) + !String.IsEqual(Control.Getlabel(6301),xx)">$VAR[art_value_landscape]</value>
	<value condition="String.IsEqual(Skin.String(BannerinfoFallbackRow2),Fanart) + String.IsEqual(Control.Getlabel(6301),xx)">$VAR[value_defaultfanart]</value>
	<value condition="String.IsEqual(Skin.String(BannerinfoFallbackRow2),Landscape) + String.IsEqual(Control.Getlabel(6301),xx)">$VAR[art_value_landscape]</value>
	<value condition="String.IsEqual(Skin.String(BannerinfoFallbackRow2),Defaultpicture) + String.IsEqual(Control.Getlabel(6301),xx)">defaultpictures/DefaultMovieExtrathumb.png</value>
	<value>-</value>
</variable>
<variable name="viewbannerinfo-value-wildcard2-cleardiffuse">
	<value condition="String.IsEqual(Skin.String(BannerinfoRow2),Clear-Art) + !String.IsEqual(Control.Getlabel(6301),xx)">White.png</value>
	<value condition="String.IsEqual(Skin.String(BannerinfoRow2),Clear-Logo) + !String.IsEqual(Control.Getlabel(6301),xx)">White.png</value>
	<value condition="String.IsEqual(Skin.String(BannerinfoFallbackRow2),Clear-Art) + String.IsEqual(Control.Getlabel(6301),xx)">White.png</value>
	<value condition="String.IsEqual(Skin.String(BannerinfoFallbackRow2),Clear-Logo) + String.IsEqual(Control.Getlabel(6301),xx)">White.png</value>
	<value>-</value>
</variable>
<variable name="viewbannerinfo-value-wildcard2-clearartwork">
	<value condition="String.IsEqual(Skin.String(BannerinfoRow2),Clear-Art) + !String.IsEqual(Control.Getlabel(6301),xx)">$VAR[art_value_clearart]</value>
	<value condition="String.IsEqual(Skin.String(BannerinfoRow2),Clear-Logo) + !String.IsEqual(Control.Getlabel(6301),xx)">$VAR[art_value_logo]</value>
	<value condition="String.IsEqual(Skin.String(BannerinfoFallbackRow2),Clear-Art) + String.IsEqual(Control.Getlabel(6301),xx)">$VAR[art_value_clearart]</value>
	<value condition="String.IsEqual(Skin.String(BannerinfoFallbackRow2),Clear-Logo) + String.IsEqual(Control.Getlabel(6301),xx)">$VAR[art_value_logo]</value>
	<value>-</value>
</variable>

<variable name="viewbannerinfo-value-wildcard3-thumbartwork">
	<value condition="String.IsEqual(Skin.String(BannerinfoRow3),Fanart) + !String.IsEqual(Control.Getlabel(6302),xx)">$VAR[value_defaultfanart]</value>
	<value condition="String.IsEqual(Skin.String(BannerinfoRow3),Extra-Fanart) + !String.IsEqual(Control.Getlabel(6302),xx)">$INFO[Control.GetLabel(5300)]</value>
	<value condition="String.IsEqual(Skin.String(BannerinfoRow3),Extra-Thumb) + !String.IsEqual(Control.Getlabel(6302),xx)">$INFO[Control.GetLabel(5301)]</value>
	<value condition="String.IsEqual(Skin.String(BannerinfoRow3),Landscape) + !String.IsEqual(Control.Getlabel(6302),xx)">$VAR[art_value_landscape]</value>
	<value condition="String.IsEqual(Skin.String(BannerinfoFallbackRow3),Fanart) + String.IsEqual(Control.Getlabel(6302),xx)">$VAR[value_defaultfanart]</value>
	<value condition="String.IsEqual(Skin.String(BannerinfoFallbackRow3),Landscape) + String.IsEqual(Control.Getlabel(6302),xx)">$VAR[art_value_landscape]</value>
	<value condition="String.IsEqual(Skin.String(BannerinfoFallbackRow3),Defaultpicture) + String.IsEqual(Control.Getlabel(6302),xx)">defaultpictures/DefaultMovieExtrathumb.png</value>
	<value>-</value>
</variable>
<variable name="viewbannerinfo-value-wildcard3-cleardiffuse">
	<value condition="String.IsEqual(Skin.String(BannerinfoRow3),Clear-Art) + !String.IsEqual(Control.Getlabel(6302),xx)">White.png</value>
	<value condition="String.IsEqual(Skin.String(BannerinfoRow3),Clear-Logo) + !String.IsEqual(Control.Getlabel(6302),xx)">White.png</value>
	<value condition="String.IsEqual(Skin.String(BannerinfoFallbackRow3),Clear-Art) + String.IsEqual(Control.Getlabel(6302),xx)">White.png</value>
	<value condition="String.IsEqual(Skin.String(BannerinfoFallbackRow3),Clear-Logo) + String.IsEqual(Control.Getlabel(6302),xx)">White.png</value>
	<value>-</value>
</variable>
<variable name="viewbannerinfo-value-wildcard3-clearartwork">
	<value condition="String.IsEqual(Skin.String(BannerinfoRow3),Clear-Art) + !String.IsEqual(Control.Getlabel(6302),xx)">$VAR[art_value_clearart]</value>
	<value condition="String.IsEqual(Skin.String(BannerinfoRow3),Clear-Logo) + !String.IsEqual(Control.Getlabel(6302),xx)">$VAR[art_value_logo]</value>
	<value condition="String.IsEqual(Skin.String(BannerinfoFallbackRow3),Clear-Art) + String.IsEqual(Control.Getlabel(6302),xx)">$VAR[art_value_clearart]</value>
	<value condition="String.IsEqual(Skin.String(BannerinfoFallbackRow3),Clear-Logo) + String.IsEqual(Control.Getlabel(6302),xx)">$VAR[art_value_logo]</value>
	<value>-</value>
</variable>

<include name="viewbannerinfo_video_topelements">
	<control type="group">
		<visible>!Container.Content(genres)</visible>
		<control type="image"><!-- artwork wildcard1-->
			<width>455</width>
			<height>205</height>
			<aspectratio scalediffuse="true" align="right" aligny="center">scale</aspectratio>
			<texture background="true" diffuse="artworks/Infopanel_square_diffuse.png">$VAR[viewbannerinfo-value-wildcard1-thumbartwork]</texture>
			<fadetime>PanelartworksCrossFadeTime</fadetime>
		</control>
		<control type="image"><!-- clarartwork wildcard1-->
			<left>100</left>
			<width>355</width>
			<height>205</height>
			<texture colordiffuse="ACBackgroundColorClearart" diffuse="artworks/Infopanel_square_clearart_bg.png">$VAR[viewbannerinfo-value-wildcard1-cleardiffuse]</texture>
			<fadetime>PanelartworksCrossFadeTime</fadetime>
		</control>
		<control type="image">
			<width>455</width>
			<height>205</height>
			<fadetime>PanelartworksCrossFadeTime</fadetime>
			<aspectratio align="right" aligny="center">keep</aspectratio>
			<bordersize>32</bordersize>
			<texture background="true">$VAR[viewbannerinfo-value-wildcard1-clearartwork]</texture>
		</control>
		<control type="image"><!-- artwork wildcard2-->
			<left>455</left>
			<width>370</width>
			<height>205</height>
			<aspectratio scalediffuse="true" align="center" aligny="center">scale</aspectratio>
			<texture background="true">$VAR[viewbannerinfo-value-wildcard2-thumbartwork]</texture>
			<fadetime>PanelartworksCrossFadeTime</fadetime>
		</control>
		<control type="image"><!-- clarartwork wildcard2-->
			<left>455</left>
			<width>370</width>
			<height>205</height>
			<texture colordiffuse="ACBackgroundColorClearart" diffuse="artworks/Infopanel_square_clearart_bg_flip.png">$VAR[viewbannerinfo-value-wildcard2-cleardiffuse]</texture>
			<fadetime>PanelartworksCrossFadeTime</fadetime>
		</control>
		<control type="image">
			<left>455</left>
			<width>370</width>
			<height>205</height>
			<fadetime>PanelartworksCrossFadeTime</fadetime>
			<aspectratio align="center" aligny="center">keep</aspectratio>
			<bordersize>32</bordersize>
			<texture background="true">$VAR[viewbannerinfo-value-wildcard2-clearartwork]</texture>
		</control>
		<control type="image"><!-- artwork wildcard3-->
			<left>825</left>
			<width>455</width>
			<height>205</height>
			<aspectratio scalediffuse="true" align="left" aligny="center">scale</aspectratio>
			<texture background="true" diffuse="artworks/Infopanel_square_diffuse_flip.png">$VAR[viewbannerinfo-value-wildcard3-thumbartwork]</texture>
			<fadetime>PanelartworksCrossFadeTime</fadetime>
		</control>
		<control type="image"><!-- clarartwork wildcard3-->
			<left>825</left>
			<width>360</width>
			<height>205</height>
			<texture colordiffuse="ACBackgroundColorClearart" flipx="true" diffuse="artworks/Infopanel_square_clearart_bg.png">$VAR[viewbannerinfo-value-wildcard3-cleardiffuse]</texture>
			<fadetime>PanelartworksCrossFadeTime</fadetime>
		</control>
		<control type="image">
			<left>825</left>
			<width>360</width>
			<height>205</height>
			<fadetime>PanelartworksCrossFadeTime</fadetime>
			<aspectratio align="right" aligny="center">keep</aspectratio>
			<bordersize>32</bordersize>
			<texture background="true">$VAR[viewbannerinfo-value-wildcard3-clearartwork]</texture>
		</control>
		<control type="grouplist"><!-- Info -->
			<left>100</left>
			<top>19</top>
			<orientation>vertical</orientation>
			<itemgap>5</itemgap>
			<include>viewglobal_topelements_textinfo</include>
			<visible>String.Contains(Skin.String(BannerinfoRow1),Info) | String.Contains(Skin.String(BannerinfoRow2),Info) | String.Contains(Skin.String(BannerinfoRow3),Info)</visible>
			<animation effect="slide" end="375" time="0" reversible="false" condition="String.Contains(Skin.String(BannerinfoRow2),Info)">Conditional</animation>
			<animation effect="slide" end="745" time="0" reversible="false" condition="String.Contains(Skin.String(BannerinfoRow3),Info)">Conditional</animation>
		</control>
		<control type="textbox"><!-- plot -->
			<top>19</top>
			<left>100</left>
			<width>320</width>
			<include>PlotNormal176</include>
			<include>viewglobal_topelements_plot</include>
			<visible>String.Contains(Skin.String(BannerinfoRow1),Plot) | String.Contains(Skin.String(BannerinfoRow2),Plot) | String.Contains(Skin.String(BannerinfoRow3),Plot)</visible>
			<animation effect="slide" end="375" time="0" reversible="false" condition="String.Contains(Skin.String(BannerinfoRow2),Plot)">Conditional</animation>
			<animation effect="slide" end="745" time="0" reversible="false" condition="String.Contains(Skin.String(BannerinfoRow3),Plot)">Conditional</animation>
		</control>
		<control type="group"><!-- content -->
			<left>100</left>
			<top>15</top>
			<visible>String.Contains(Skin.String(BannerinfoRow1),Content) | String.Contains(Skin.String(BannerinfoRow2),Content) | String.Contains(Skin.String(BannerinfoRow3),Content)</visible>
			<animation effect="slide" end="365" time="0" reversible="false" condition="String.Contains(Skin.String(BannerinfoRow2),Content)">Conditional</animation>
			<animation effect="slide" end="755" time="0" reversible="false" condition="String.Contains(Skin.String(BannerinfoRow3),Content)">Conditional</animation>
			<control type="label">
				<left>5</left>
				<width>350</width>
				<height>22</height>
				<label>[COLOR=TextColor2]$LOCALIZE[31088]:[/COLOR] $VAR[videocontent_similarlabel]</label>
				<font>SemiNormal</font>
			</control>
			<control type="fixedlist" id="5359">
				<viewtype>list</viewtype>
				<top>30</top>
				<width>350</width>
				<height>157</height>
				<onleft>50</onleft>
				<onright>50</onright>
				<onup>5359</onup>
				<ondown>5359</ondown>
				<autoscroll time="3000" delay="14000" repeat="5000">false</autoscroll>
				<focusposition>0</focusposition>
				<orientation>vertical</orientation>
				<scrolltime>450</scrolltime>
				<itemlayout width="350" height="30">
					<control type="label">
						<left>5</left>
						<width>350</width>
						<height>30</height>
						<textcolor>TextColor2</textcolor>
						<label>$INFO[ListItem.Label]$INFO[ListItem.Episode, (,)]</label>
					</control>
				</itemlayout>
				<focusedlayout width="350" height="30">
					<control type="image">
						<width>350</width>
						<height>30</height>
						<include>global_listdiffusefocustexture_flip</include>
						<visible>Control.HasFocus(5366)</visible>
					</control>
					<control type="label">
						<left>5</left>
						<width>350</width>
						<height>30</height>
						<textcolor>TextColor2</textcolor>
						<label>$INFO[ListItem.Label]$INFO[ListItem.Episode, (,)]</label>
						<visible>!Control.HasFocus(5366)</visible>
					</control>
					<control type="label">
						<left>5</left>
						<width>350</width>
						<height>30</height>
						<font>RegularNormal</font>
						<align>left</align>
						<aligny>center</aligny>
						<textcolor>TextColorFocus</textcolor>
						<selectedcolor>TextColorSelectFO</selectedcolor>
						<label>$INFO[ListItem.Label]$INFO[ListItem.Episode, (,)]</label>
						<visible>Control.HasFocus(5366)</visible>
					</control>
				</focusedlayout>
				<content limit="$VAR[videocontent_similar_limit]" sortby="$VAR[videocontent_similar_sort]" target="video">$VAR[videocontent_similar]</content>
				<onclick condition="String.IsEqual(ListItem.DBTYPE,movie)">PlayMedia("$INFO[ListItem.FilenameandPath]")</onclick><!-- check -->
				<onclick condition="String.IsEqual(ListItem.DBTYPE,tvshow)">ActivateWindow(videos,&quot;videodb://tvshows/titles/$INFO[ListItem.DBID]/&quot;)</onclick><!-- check -->
			</control>
		</control>
	</control>
	<control type="group"><!-- genre panel -->
		<description>genre panel</description>
		<visible>!ListItem.IsParentFolder + Container.Content(genres)</visible>
		<left>80</left>
		<control type="image">
			<description>Fanart</description>
			<width>455</width>
			<height>205</height>
			<aspectratio scalediffuse="true" align="left" aligny="center">scale</aspectratio>
			<texture background="true" fallback="resource://resource.images.moviegenrefanart.flex/moviegenres_fanart/default.jpg" diffuse="artworks/Infopanel_square_diffuse.png">$VAR[value_defaultfanart]</texture>
		</control>
		<control type="image">
			<left>455</left>
			<width>136</width>
			<height>205</height>
			<aspectratio scalediffuse="true">stretch</aspectratio>
			<texture fallback="resource://resource.images.moviegenrefanart.flex/moviegenres_poster/default.jpg" background="true">$VAR[art_value_poster]</texture>
			<fadetime>PanelartworksCrossFadeTime</fadetime>
		</control>
		<control type="image">
			<description>schatten rechts</description>
			<left>455</left>
			<height>205</height>
			<include>global_texture_border5_rightv</include>
		</control>
		<control type="image">
			<description>schatten rechts</description>
			<left>591</left>
			<height>205</height>
			<include>global_texture_border5_rightv</include>
		</control>
		<control type="label">
			<left>605</left>
			<top>15</top>
			<width>350</width>
			<height>22</height>
			<label>[COLOR=TextColor2]$LOCALIZE[135] [/COLOR] $INFO[ListItem.Label]</label>
			<font>SemiNormal</font>
		</control>
		<control type="fixedlist"><!-- Content liste -->
			<viewtype>list</viewtype>
			<left>605</left>
			<top>45</top>
			<width>555</width>
			<height>157</height>
			<onleft>50</onleft><!-- DB list -->
			<onright>50</onright><!-- DB list -->
			<onup>noop</onup>
			<ondown>noop</ondown>
			<focusposition>0</focusposition>
			<orientation>vertical</orientation>
			<scrolltime>450</scrolltime>
			<itemlayout width="555" height="30">
				<control type="label">
					<width>555</width>
					<height>30</height>
					<textcolor>TextColor2</textcolor>
					<label>$INFO[ListItem.Label]$INFO[ListItem.Episode, (,)]</label>
				</control>
			</itemlayout>
			<focusedlayout width="555" height="30">
				<control type="label">
					<width>555</width>
					<height>30</height>
					<textcolor>TextColor2</textcolor>
					<label>$INFO[ListItem.Label]$INFO[ListItem.Episode, (,)]</label>
				</control>
			</focusedlayout>
			<content target="video">$VAR[content_focus]</content>
			<onclick condition="String.IsEmpty(ListItem.Duration)">ActivateWindow(videos,&quot;videodb://tvshows/titles/$INFO[ListItem.DBID]/&quot;)</onclick>
			<onclick condition="!String.IsEmpty(ListItem.Duration)">PlayMedia($ESCINFO[ListItem.Path])</onclick>
		</control>
	</control>
</include>
</includes>