<?xml version="1.0" encoding="UTF-8"?>
<includes>
<!-- VARs Shelf/SimpleList -->
<!-- #### Poster ####-->
<variable name="art_value_poster">
	<value condition="Container.Content(actors)">$INFO[ListItem.Thumb]</value>
	<value condition="Container.Content(directors)">$INFO[ListItem.Thumb]</value>
	<value condition="Container.Content(countries)">$INFO[ListItem.Label,resource://resource.images.languageflags.colour/,.png]</value>
	<value condition="Container.Content(studios)">resource://resource.images.studios.coloured/$INFO[ListItem.Label,,.png]</value>
	<value condition="Window.IsActive(music) + Container.Content(genres)">$INFO[ListItem.Label,resource://resource.images.musicgenreicons.poster/,.jpg]</value>
	<value condition="Container.Content(genres) + [String.StartsWith(Container.FolderPath,library://video/movies/) | String.StartsWith(Container.FolderPath,videodb://movies/genres/)]">$INFO[ListItem.Label,resource://resource.images.moviegenrefanart.flex/moviegenres_poster/,.jpg]</value>
	<value condition="Container.Content(genres) + [String.StartsWith(Container.FolderPath,library://video/tvshows/) | String.StartsWith(Container.FolderPath,videodb://tvshows/genres/)]">$INFO[ListItem.Label,resource://resource.images.moviegenrefanart.flex/tvgenres_poster/,.jpg]</value>
	<value condition="!String.IsEmpty(ListItem.Art(poster))">$INFO[ListItem.Art(poster)]</value>
	<value condition="!String.IsEmpty(ListItem.Art(tvshow.poster)) + Container.Content(episodes)">$INFO[ListItem.Art(tvshow.poster)]</value>
	<value>$INFO[ListItem.Icon]</value>
</variable>

<variable name="art_value_infoposter">
	<value condition="!String.IsEmpty(ListItem.Art(poster))">$INFO[ListItem.Art(poster)]</value>
	<value condition="!String.IsEmpty(ListItem.Art(tvshow.poster))">$INFO[ListItem.Art(tvshow.poster)]</value>
	<value>$INFO[ListItem.Icon]</value>
</variable>

<variable name="art_value_content_poster">
	<value condition="Container.Content(sets) | ListItem.IsCollection">$INFO[Container(5350).ListItem.Art(poster)]</value>
	<value condition="Container.Content(movies)">$INFO[ListItem.Art(poster)]</value>
	<value condition="Container.Content(tvshows)">$INFO[Container(5350).ListItem.Art(poster)]</value><!-- content Season poster 1 -->
	<value condition="Container.Content(seasons)">$INFO[ListItem.Art(tvshow.poster)]</value>
	<value condition="Container.Content(episodes)">$INFO[ListItem.Art(tvshow.poster)]</value>
	<value>$INFO[ListItem.Icon]</value>
</variable>

<!-- #### Clearlogo ####-->
<variable name="art_value_logo">
	<value condition="!String.IsEmpty(ListItem.Art(clearlogo)) + Container.Content(movies)">$INFO[ListItem.Art(clearlogo)]</value>
	<value condition="!String.IsEmpty(ListItem.Art(clearlogo)) + Container.Content(tvshows)">$INFO[ListItem.Art(clearlogo)]</value>
	<value condition="Container.Content(seasons) + String.IsEmpty(ListItem.Path)">$INFO[ListItem(2).Art(tvshow.clearlogo)]</value>
	<value condition="Container.Content(seasons)">$INFO[ListItem.Art(tvshow.clearlogo)]</value>
	<!-- 
	<value condition="Container.Content(seasons)">$INFO[ListItem.Path,,logo.png]</value>-->
	<value condition="!String.IsEmpty(ListItem.Art(tvshow.clearlogo)) + Container.Content(episodes)">$INFO[ListItem.Art(tvshow.clearlogo)]</value>
	<value condition="Container.Content(Artists) + ![String.Contains(ListItem.Path,plugin://) | String.Contains(ListItem.Path,special://) | String.Contains(Container.FolderPath,plugin://) | String.Contains(Container.FolderPath,addon://)]">$INFO[Skin.String(Music_Folder_Path)]$INFO[ListItem.Artist,,/logo.png]</value>
	<value condition="Container.Content(albums) + ![String.Contains(ListItem.Path,plugin://) | String.Contains(ListItem.Path,special://) | String.Contains(Container.FolderPath,plugin://) | String.Contains(Container.FolderPath,addon://)]">$INFO[Skin.String(Music_Folder_Path)]$INFO[ListItem.Property(Album_Artist),,/logo.png]</value>
	<value condition="[Container.Content(Songs) | Window.IsActive(musicplaylist)] + ![String.Contains(ListItem.Path,plugin://) | String.Contains(ListItem.Path,special://) | String.Contains(Container.FolderPath,plugin://) | String.Contains(Container.FolderPath,addon://)]">$INFO[Skin.String(Music_Folder_Path)]$INFO[ListItem.Artist,,/logo.png]</value>
</variable>

<!-- #### Clearart ####-->
<variable name="art_value_clearart">
	<value condition="!String.IsEmpty(ListItem.Art(clearart)) + Container.Content(movies)">$INFO[ListItem.Art(clearart)]</value>
	<value condition="!String.IsEmpty(ListItem.Art(clearart)) + Container.Content(tvshows)">$INFO[ListItem.Art(clearart)]</value>
	<value condition="Container.Content(seasons)">$INFO[ListItem.Path,,clearart.png]</value>
	<value condition="!String.IsEmpty(ListItem.Art(tvshow.clearart)) + Container.Content(episodes)">$INFO[ListItem.Art(tvshow.clearart)]</value>
</variable>

<!-- #### Characterart ####-->
<variable name="value_art_character">
	<value condition="!String.IsEmpty(ListItem.Art(characterart)) + [Container.Content(tvshows) | Container.Content(seasons)]">$INFO[ListItem.Art(characterart)]</value>
	<value condition="!String.IsEmpty(ListItem.Art(tvshow.characterart)) + Container.Content(episodes)">$INFO[ListItem.Art(tvshow.characterart)]</value>
</variable>

<!-- #### Bannerart ####-->
<variable name="art_value_banner">
	<value condition="!String.IsEmpty(ListItem.Art(banner))">$INFO[ListItem.Art(banner)]</value>
<!--	<value condition="Container.Content(seasons) + String.IsEmpty(ListItem.Art(banner))">$INFO[ListItem.Art(tvshow.banner)]</value>

	<value condition="Container.Content(seasons) + !String.IsEqual(ListItem.DBTYPE,season)">$INFO[ListItem.Art(banner)]</value>
	<value condition="Container.Content(seasons) + String.IsEqual(ListItem.DBTYPE,season)">$INFO[ListItem(1).Art(banner)]</value> check immer wenn alle staffeln vom neachsten eintrag -->
	<!-- 
	
	<value condition="Container.Content(seasons) + Integer.IsGreater(ListItem.Season,9)">$INFO[ListItem.Path,,season]$INFO[ListItem.Season,,-banner.jpg]</value>
	<value condition="Container.Content(seasons) + Integer.IsGreater(ListItem.Season,0)">$INFO[ListItem.Path,,season0]$INFO[ListItem.Season,,-banner.jpg]</value>
	<value condition="Container.Content(seasons) + String.Contains(ListItem.Label,*)">$INFO[ListItem.Art(tvshow.banner)]</value>
	<value condition="Container.Content(seasons) + String.IsEqual(ListItem.Season,0)">$INFO[ListItem.Art(banner)]</value>
	<value condition="Container.Content(seasons) + [!Integer.IsGreater(ListItem.Season,0) | String.Contains(ListItem.Label,Sx)]">$INFO[ListItem.Art(tvshow.banner)]</value>
	<value condition="Container.Content(seasons) + [!Integer.IsGreater(ListItem.Season,0) | String.Contains(ListItem.Label,Sx)]">$INFO[ListItem.Path,,season-specials-banner.jpg]</value>-->
	<value condition="Container.Content(genres) + [String.StartsWith(Container.FolderPath,library://video/movies/) | String.StartsWith(Container.FolderPath,videodb://movies/genres/)]">$INFO[ListItem.Label,resource://resource.images.moviegenrefanart.flex/moviegenres_banner/,.jpg]</value>
	<value condition="Container.Content(genres) + [String.StartsWith(Container.FolderPath,library://video/tvshows/) | String.StartsWith(Container.FolderPath,videodb://tvshows/genres/)]">$INFO[ListItem.Label,resource://resource.images.moviegenrefanart.flex/tvgenres_banner/,.jpg]</value>
</variable>

<!-- #### Lanscapeart ####-->
<variable name="art_value_landscape">
	<value condition="!String.IsEmpty(ListItem.Path) + !String.IsEmpty(ListItem.Art(landscape))">$INFO[ListItem.Art(landscape)]</value>
	<value condition="!Container.Content(seasons) + !String.IsEmpty(ListItem.Art(landscape))">$INFO[ListItem.Art(landscape)]</value>
	<value condition="Container.Content(seasons) + Integer.IsGreater(ListItem.Season,9)">$INFO[ListItem.Path,,season]$INFO[ListItem.Season,,-landscape.jpg]</value>
	<value condition="Container.Content(seasons) + Integer.IsGreater(ListItem.Season,0)">$INFO[ListItem.Path,,season0]$INFO[ListItem.Season,,-landscape.jpg]</value>
	<value condition="Container.Content(seasons) + String.Contains(ListItem.Label,*)">$INFO[ListItem.Art(tvshow.landscape)]</value>
	<value condition="Container.Content(seasons) + String.IsEqual(ListItem.Season,0)">$INFO[ListItem.Art(landscape)]</value>
	<value condition="Container.Content(seasons) + [!Integer.IsGreater(ListItem.Season,0) | String.Contains(ListItem.Label,Sx)]">$INFO[ListItem.Art(tvshow.landscape)]</value>
	<value condition="Container.Content(seasons) + [!Integer.IsGreater(ListItem.Season,0) | String.Contains(ListItem.Label,Sx)]">$INFO[ListItem.Path,,season-specials-landscape.jpg]</value>
	<value condition="!String.IsEmpty(ListItem.Art(tvshow.landscape))">$INFO[ListItem.Art(tvshow.landscape)]</value>
</variable>

<!-- ####CDart ####-->
<variable name="art_value_discart">
	<value condition="Container.Content(movies) + !String.IsEmpty(ListItem.Art(discart))">$INFO[ListItem.Art(discart)]</value>
</variable>

<variable name="art_value_cdart">
	<value condition="[Container.Content(Artists) | Window.IsActive(musicplaylist)] + ![String.Contains(ListItem.Path,plugin://) | String.Contains(ListItem.Path,special://) | String.Contains(Container.FolderPath,plugin://) | String.Contains(Container.FolderPath,addon://)]">$INFO[Skin.String(Music_Folder_Path)]$INFO[ListItem.Artist,,/cdart.png]</value>
	<value condition="[Container.Content(Albums) | Window.IsActive(musicplaylist)] + ![String.Contains(ListItem.Path,plugin://) | String.Contains(ListItem.Path,special://) | String.Contains(Container.FolderPath,plugin://) | String.Contains(Container.FolderPath,addon://)]">$INFO[Skin.String(Music_Folder_Path)]$INFO[ListItem.Artist,,/]$INFO[ListItem.Album,,/cdart.png]</value>
	<value condition="Container.Content(Songs) + ![String.Contains(ListItem.Path,plugin://) | String.Contains(ListItem.Path,special://) | String.Contains(Container.FolderPath,plugin://) | String.Contains(Container.FolderPath,addon://)]">$INFO[Skin.String(Music_Folder_Path)]$INFO[ListItem.Artist]$INFO[ListItem.Album,/,/cdart.png]</value>
</variable>

<!-- #### Extrathumb ####-->
<variable name="art_value_extrathumb">
	<value condition="Container.Content(movies) + !ListItem.IsCollection">$INFO[ListItem.Path]extrathumbs/</value>
	<value condition="Container.Content(movies) + ListItem.IsCollection + !Control.HasFocus(511)">$INFO[Container(5350).ListItem.Path]extrathumbs/</value>
	<value condition="Container.Content(movies) + ListItem.IsCollection + Control.HasFocus(511)">$INFO[Container(511).ListItem.Path]extrathumbs/</value>
	<value condition="Container.Content(sets) + !Control.HasFocus(511)">$INFO[Container(5350).ListItem.Path]extrathumbs/</value>
	<value condition="Container.Content(sets) + Control.HasFocus(511)">$INFO[Container(511).ListItem.Path]extrathumbs/</value>
	<value condition="Container.Content(tvshows) | Container.Content(seasons)">xx</value>
</variable>
	
<!-- #### extrafanart ####-->
<variable name="value_extrafanart">
	<!-- video -->
	<value condition="String.IsEqual(Container.Viewmode,$LOCALIZE[31224])">$INFO[Container(510).ListItem.Path]extrafanart/</value><!-- view kategorien content -->
	<value condition="String.IsEqual(Container.Viewmode,$LOCALIZE[31222]) + [Container.Content(actors) | Container.Content(years) | Container.Content(directors) | Container.Content(studios) | Container.Content(countries)]">$INFO[Container(20001).ListItem.Path]extrafanart/</value><!-- view rightlist content -->
	<value condition="Container.Content(movies) + !ListItem.IsCollection">$INFO[ListItem.Path]extrafanart/</value>
	<value condition="Container.Content(movies) + ListItem.IsCollection + !Control.IsVisible(65)">$INFO[Container(5350).ListItem.Path]extrafanart/</value><!-- mynav hidden contentcontainer -->
	<value condition="Container.Content(sets) | ListItem.IsCollection + !Control.IsVisible(65)">$INFO[Container(5350).ListItem.Path]extrafanart/</value><!-- mynav hidden contentcontainer -->
	<value condition="Container.Content(sets) | ListItem.IsCollection + Control.IsVisible(65)">$INFO[Container(511).ListItem.Path]extrafanart/</value><!-- Setview contentcontainer -->
	<value condition="Container.Content(tvshows)">$INFO[ListItem.Path]extrafanart/</value>
	<value condition="Container.Content(sets)">$INFO[ListItem.Path]extrafanart/</value>
	<value condition="Container.Content(seasons)">$INFO[ListItem.Path,,extrafanart/]</value>
	<value condition="Container.Content(episodes)">$INFO[ListItem.Path,,../extrafanart/]</value>
	<!-- music -->
	<value condition="!String.IsEmpty(ListItem.Artist) + Container.Content(Artists) + ![String.Contains(ListItem.Path,plugin://) | String.Contains(ListItem.Path,special://) | String.Contains(Container.FolderPath,plugin://) | String.Contains(Container.FolderPath,addon://)]">$INFO[Skin.String(Music_Folder_Path)]$INFO[ListItem.Artist,,/extrafanart/]</value>
	<value condition="!String.IsEmpty(ListItem.Property(Album_Artist)) + Container.Content(albums) + ![String.Contains(ListItem.Path,plugin://) | String.Contains(ListItem.Path,special://) | String.Contains(Container.FolderPath,plugin://) | String.Contains(Container.FolderPath,addon://)]">$INFO[Skin.String(Music_Folder_Path)]$INFO[ListItem.Property(Album_Artist),,/extrafanart/]</value>
	<value condition="!String.IsEmpty(ListItem.Artist) + [Container.Content(Songs) | Window.IsActive(musicplaylist)] + ![String.Contains(ListItem.Path,plugin://) | String.Contains(ListItem.Path,special://) | String.Contains(Container.FolderPath,plugin://) | String.Contains(Container.FolderPath,addon://)]">$INFO[Skin.String(Music_Folder_Path)]$INFO[ListItem.Artist,,/extrafanart/]</value>
</variable>
	
<!-- #### fanart ####-->
<variable name="value_defaultfanart">
	<value condition="Window.IsActive(videos) + Control.HasFocus(20001) + !String.IsEmpty(Container(20001).ListItem.Art(fanart))">$INFO[Container(20001).ListItem.Art(fanart)]</value><!-- view rightlist content -->
	<value condition="Window.IsActive(videos) + Control.HasFocus(511) + !String.IsEmpty(Container(511).ListItem.Art(fanart))">$INFO[Container(511).ListItem.Art(fanart)]</value><!-- view sets focus content -->
	<value condition="Window.IsActive(videos) + Control.HasFocus(510) + !String.IsEmpty(Container(510).ListItem.Art(fanart))">$INFO[Container(510).ListItem.Art(fanart)]</value><!-- view category focus content -->
	<value condition="Window.IsActive(videos) + Container.Content(genres) + [String.StartsWith(Container.FolderPath,library://video/movies/) | String.StartsWith(Container.FolderPath,videodb://movies/genres/)]">$INFO[ListItem.Label,resource://resource.images.moviegenrefanart.flex/moviegenres_fanart/,.jpg]</value><!-- moviegenres -->
	<value condition="Window.IsActive(videos) + Container.Content(genres) + [String.StartsWith(Container.FolderPath,library://video/tvshows/) | String.StartsWith(Container.FolderPath,videodb://tvshows/genres/)]">$INFO[ListItem.Label,resource://resource.images.moviegenrefanart.flex/tvgenres_fanart/,.jpg]</value><!-- tvgenres -->
	<value condition="Window.IsActive(music) + Container.Content(genres)">$INFO[ListItem.Label,resource://resource.images.musicgenrefanart.coloured/,.jpg]</value><!-- musicgenres -->
	<value condition="!String.IsEmpty(ListItem.Art(fanart))">$INFO[ListItem.Art(fanart)]</value><!-- fanart -->
	<value condition="!String.IsEmpty(Container.Art(artist.fanart))">$INFO[Container.Art(artist.fanart)]</value>
	<value condition="!String.IsEmpty(Container.Art(fanart))">$INFO[Container.Art(fanart)]</value>
	<value condition="!String.IsEmpty(ListItem.Property(Fanart_Image))">$INFO[ListItem.Property(Fanart_Image)]</value>
	<!--  
	<value condition="!String.IsEmpty(ListItem.Property(Fanart_Image)) + !String.StartsWith(Container.Folderpath,musicdb://) + [Container.Content(files) | Container.HasFolders | Container.HasFiles]">$INFO[ListItem.Property(Fanart_Image)]</value>
	<value condition="String.IsEmpty(ListItem.Property(Fanart_Image)) + ListItem.IsFolder + !String.StartsWith(Container.Folderpath,musicdb://) + [Container.Content(files) | Container.HasFolders | Container.HasFiles]">$INFO[listitem.filenameandpath,,fanart.jpg]</value>-->
</variable>
	
	
<!-- ####thumb fileview ####-->
<variable name="art_value_thumb">
	<value condition="Window.IsActive(music) + Container.Content(genres)">$INFO[ListItem.Label,resource://resource.images.musicgenreicons.poster/,.jpg]</value><!-- check pfad korrekt kommt aber nichts -->
	<value>$INFO[ListItem.Icon]</value>
</variable>
	
<!-- ####Episode ####-->
<variable name="art_value_episodethumb">
	<value condition="!String.IsEmpty(ListItem.Art(thumb)) + Container.Content(episodes)">$INFO[ListItem.Art(thumb)]</value>
	<value>$INFO[ListItem.Art(fanart)]</value>
</variable>

<!-- ####PlayerArt ####-->
<variable name="playerart_value_logo">
	<value condition="!VideoPlayer.Content(episodes) + !String.IsEmpty(Player.Art(clearlogo))">$INFO[Player.Art(clearlogo)]</value>
	<value condition="VideoPlayer.Content(episodes) + !String.IsEmpty(Player.Art(tvshow.clearlogo))">$INFO[Player.Art(tvshow.clearlogo)]</value>
</variable>

<variable name="playerart_value_poster">
	<value condition="Player.HasVideo + !VideoPlayer.Content(episodes) + !VideoPlayer.Content(LiveTV)">$INFO[Player.Art(poster)]</value>
	<value condition="Player.HasVideo + VideoPlayer.Content(episodes)">$INFO[Player.Art(tvshow.poster)]</value>
	<value condition="VideoPlayer.Content(LiveTV)">$INFO[Player.Art(thumb)]</value>
	<value condition="Player.HasAudio">$INFO[MusicPlayer.Cover]</value>
</variable>

<variable name="playerart_value_cdart"><!-- Prüfen -->
	<value>$INFO[Player.Folderpath,,cdart.png]</value>
</variable>

<variable name="playerart_value_discart">
	<value condition="!String.IsEmpty(Player.Art(discart))">$INFO[Player.Art(discart)]</value>
</variable>

<variable name="extendedactorinfo_thumb">
	<value condition="Control.HasFocus(4103) | Control.HasFocus(150)">$INFO[Container(150).ListItem.Thumb]</value>
	<value condition="Control.HasFocus(4104) | Control.HasFocus(250)">$INFO[Container(250).ListItem.Thumb]</value>
	<value>$INFO[Window.Property(thumb)]</value>
</variable>
<variable name="extendedactorinfo_localflag">
	<value condition="!String.IsEmpty(Container(150).ListItem.DBID) + [Control.HasFocus(4103) | Control.HasFocus(150)]">overlays/lastwatched.png</value>
	<value condition="!String.IsEmpty(Container(250).ListItem.DBID) + [Control.HasFocus(4104) | Control.HasFocus(250)]">overlays/lastwatched.png</value>
	<value>-</value>
</variable>
</includes>
