<?xml version="1.0" encoding="UTF-8"?>
<window><!-- flex 2.0 -->
<defaultcontrol always="true">50</defaultcontrol>
<menucontrol>8999</menucontrol>
<views>50,51,54,55,56</views>
<!--<onload condition="String.IsEmpty(Container.Viewmode)">SetFocus(8889)</onload> verhindert teils den focus auf views???
Fallback Focus meldung view fehlt 
<onload condition="String.Contains(Container.FolderPath,plugin)">Container.SetViewMode(55)</onload>
<onload condition="String.IsEqual(Container.Viewmode,root)">SetFocus(55)</onload>-->
<onload>ClearProperty(Viewtypepreview,home)</onload><!-- zoom bei Ansicht einstellen -->
<onload>ClearProperty(ViewtypepreviewVisible,home)</onload><!-- visibles bei Ansicht einstellen -->
<onload>ClearProperty(InfobottomBar,home)</onload><!-- infodialogs Property  -->
<backgroundcolor>ACBackgroundColorFull</backgroundcolor>
<controls>
	<include>viewglobal_files_hiddencontrols</include>
	<include>menucontrol</include>
	<control type="image" id="5678"><!-- recordlabel flag -->
		<include>Hiddencontrol</include>
		<texture fallback="White.png">resource://resource.images.recordlabels.white/$INFO[ListItem.Property(Album_Label),,.png]</texture>
		<visible>System.HasAddon(resource.images.recordlabels.white)</visible>
	</control>
	<include>CommonBackground</include>
	<include>CommonBackgroundFanart</include>
	<control type="group">
		<include>animation_window</include>
		<control type="image"><!-- Diffuse -->
			<left>600</left>
			<width>680</width>
			<height>720</height>
			<texture diffuse="backgrounds/background-overlay-diffuse_v.png">White.png</texture>
			<colordiffuse>ACBackgroundColor</colordiffuse>
			<visible>Control.IsVisible(50) | Control.IsVisible(55) + !Window.Isvisible(DialogMusicInfo.xml)</visible>
		</control>
		<control type="image"><!-- Bottom Flagbar -->
			<top>540</top>
			<width>1685</width>
			<height>180</height>
			<texture diffuse="backgrounds/background-overlay-diffuse.png">White.png</texture>
			<colordiffuse>ACFloorColor</colordiffuse>
		</control>
		<control type="image">
			<left>-30</left>
			<top>680</top>
			<height>42</height>
			<width>1685</width>
			<texture>backgrounds/background-smalloverlay.png</texture>
			<colordiffuse>ACBackgroundColor</colordiffuse>
		</control>
		<control type="group"><!-- ViewTypes -->
			<top>30</top>
			<visible>$EXP[HasNoInfoDialog]</visible>
			<include>View55Root</include>
			<include>View50RootView</include>
			<include>View51LowList_files</include>
			<include condition="String.Contains(Skin.String(AlbumViewtype),ExtendedList) | String.Contains(Skin.String(ArtistViewtype),ExtendedList) | String.Contains(Skin.String(SongViewtype),ExtendedList) | Skin.HasSetting(enableviewchange)">View54ExtendedList_music</include>
			<include condition="String.Contains(Skin.String(AlbumViewtype),Rightlist) | String.Contains(Skin.String(ArtistViewtype),Rightlist) | String.Contains(Skin.String(SongViewtype),Rightlist) | Skin.HasSetting(enableviewchange)">view56RightList_music</include>
		</control>
		<control type="grouplist"><!-- flags -->
			<left>25</left>
			<top>675</top>
			<visible>!ListItem.IsParentFolder + [Container.Content(albums) | Container.Content(songs)]</visible>
			<orientation>horizontal</orientation>
			<itemgap>22</itemgap>
			<control type="image"><!-- record label audio -->
				<bordersize>5</bordersize>
				<aspectratio align="center" aligny="bottom">keep</aspectratio>
				<include>flags_image_texture</include>
				<texture>resource://resource.images.recordlabels.white/$INFO[ListItem.Property(Album_Label),,.png]</texture>
				<visible>System.HasAddon(resource.images.recordlabels.white) + !String.IsEqual(Control.GetLabel(5678),White.png)</visible>
			</control>
			<control type="image"><!-- Codec audio -->
				<include>flags_image_texture</include>
				<texture>$VAR[flags_value_musiccodec]</texture>
			</control>
			<include>viewglobal_sortletter</include><!-- Scrolllabel -->
		</control>
	</control>
	<control type="group" id="8888"><!-- Menue -->
		<include>animation_videomenuepositions</include>
		<control type="group"><!-- ebene1 -->
			<include>animation_dialog_popup</include>
			<visible allowhiddenfocus="true">ControlGroup(9000).HasFocus + $EXP[HasNotDialogPopup]</visible>
			<control type="image">
				<description>schatten bis 5 elemente</description>
				<include>global_dialog_shadow_neu</include>
				<height>dialog-height5</height>
				<visible>Integer.IsLessOrEqual(Container(9000).NumItems,5)</visible>
			</control>
			<control type="image">
				<description>hintergrund bis 5 elemente</description>
				<include>global_dialogbg_neu</include>
				<height>dialog-height5</height>
				<visible>Integer.IsLessOrEqual(Container(9000).NumItems,5)</visible>
			</control>
			<control type="image">
				<description>schatten 6 elemente</description>
				<include>global_dialog_shadow_neu</include>
				<height>dialog-height6</height>
				<visible>String.IsEqual(Container(9000).NumItems,6)</visible>
			</control>
			<control type="image">
				<description>hintergrund 6 elemente</description>
				<include>global_dialogbg_neu</include>
				<height>dialog-height6</height>
				<visible>String.IsEqual(Container(9000).NumItems,6)</visible>
			</control>
			<control type="image">
				<description>schatten 7 elemente</description>
				<include>global_dialog_shadow_neu</include>
				<height>dialog-height7</height>
				<visible>String.IsEqual(Container(9000).NumItems,7)</visible>
			</control>
			<control type="image">
				<description>hintergrund 7 elemente</description>
				<include>global_dialogbg_neu</include>
				<height>dialog-height7</height>
				<visible>String.IsEqual(Container(9000).NumItems,7)</visible>
			</control>
			<control type="image">
				<description>schatten 8 elemente</description>
				<include>global_dialog_shadow_neu</include>
				<height>dialog-height8</height>
				<visible>String.IsEqual(Container(9000).NumItems,8)</visible>
			</control>
			<control type="image">
				<description>hintergrund 8 elemente</description>
				<include>global_dialogbg_neu</include>
				<height>dialog-height8</height>
				<visible>String.IsEqual(Container(9000).NumItems,8)</visible>
			</control>
			<control type="image">
				<description>background header</description>
				<include>dialog_headerfront_neu</include>
			</control>
			<control type="label">
				<description>header</description>
				<label>$LOCALIZE[31395]</label>
				<include>dialog_headertitle_neu</include>
			</control>
			<control type="grouplist" id="9000"><!-- 5-10 -->
				<left>dialog-border</left>
				<top>dialog-inner-top</top>
				<width>dialog-inner-width</width>
				<height>448</height>
				<onleft>ClearProperty(Viewtypepreview,home)</onleft><!-- close and back -->
				<onleft>SetFocus(50)</onleft><!-- close and back -->
				<onright>ClearProperty(Viewtypepreview,home)</onright><!-- close and back -->
				<onright>SetFocus(50)</onright>
				<onup>9000</onup>
				<ondown>9000</ondown>
				<onback>ClearProperty(Viewtypepreview,home)</onback><!-- close and back -->
				<onback>50</onback>
				<itemgap>0</itemgap>
				<control type="button" id="32">
					<description>View As button</description>
					<onclick>SetProperty(Viewtypepreview,on,home)</onclick>
					<onclick>SetFocus(90321)</onclick>
					<include>dialog_buttonneu</include>
					<label>$LOCALIZE[457]</label>
					<visible>!String.Contains(Container.FolderPath,plugin) + Skin.HasSetting(enableviewchange) + [Container.Content(albums) | Container.Content(songs) | Container.Content(artists)]</visible>
				</control>
				<control type="button" id="203">
					<font>SemiNormal</font>
					<include>dialog_buttonneu</include>
					<label>$LOCALIZE[31303]</label>
					<onclick>SetFocus(9001)</onclick>
				</control>
				<control type="button" id="3">
					<description>Sort by button</description>
					<include>dialog_buttonneu</include>
					<label>$LOCALIZE[103]</label>
					<visible>Control.IsEnabled(3)</visible>
				</control>
				<control type="togglebutton" id="4">
					<description>Sort asc</description>
					<include>dialog_buttonneu</include>
					<label>$LOCALIZE[31005]</label>
					<altlabel>$LOCALIZE[31004]</altlabel>
					<usealttexture>Container.SortDirection(Ascending)</usealttexture>
					<visible>Control.IsEnabled(4)</visible>
				</control>
				<control type="edit" id="19">
					<description>Filter</description>
					<include>dialog_buttonneu</include>
					<label>$LOCALIZE[587]</label>
					<visible>Container.CanFilter + !Container.CanFilterAdvanced</visible>
				</control>
				<control type="radiobutton" id="98">
					<description>Filter</description>
					<include>dialog_buttonneu</include>
					<label>$LOCALIZE[587]</label>
					<selected>Container.Filtered</selected>
					<onclick>right</onclick>
					<onclick>Filter</onclick>
					<visible>Container.CanFilterAdvanced</visible>
				</control>
				<control type="button" id="8">
					<description>Search</description>
					<include>dialog_buttonneu</include>
					<label>$LOCALIZE[137]</label>
					<visible>Control.IsEnabled(8)</visible>
				</control>
				<control type="button" id="1238"><!-- test -->
					<description>Search</description>
					<include>dialog_buttonneu</include>
					<label>Globale Search</label>
					<onclick condition="Skin.HasSetting(globalsearchmode) + Container.Content(artists)">RunScript(script.globalsearch,artists=true)</onclick>
					<onclick condition="Skin.HasSetting(globalsearchmode) + [Container.Content(albums) | Container.Content(songs)]">RunScript(script.globalsearch,albums=true&amp;songs=true)</onclick>
					<onclick condition="!Skin.HasSetting(globalsearchmode)">RunScript(script.globalsearch)</onclick>
					<visible>System.HasAddon(script.globalsearch)</visible>
				</control>
			</control>
		</control>
		<control type="group"><!-- ebene2 -->
			<include>animation_dialog_popup</include>
			<visible allowhiddenfocus="true">ControlGroup(9001).HasFocus + $EXP[HasNotDialogPopup]</visible>
			<control type="image">
				<description>schatten bis 4 elemente</description>
				<include>global_dialog_shadow_neu</include>
				<height>dialog-height4</height>
				<visible>Integer.IsLessOrEqual(Container(9001).NumItems,4)</visible>
			</control>
			<control type="image">
				<description>hintergrund bis 4 elemente</description>
				<include>global_dialogbg_neu</include>
				<height>dialog-height4</height>
				<visible>Integer.IsLessOrEqual(Container(9001).NumItems,4)</visible>
			</control>
			<control type="image">
				<description>schatten 5 elemente</description>
				<include>global_dialog_shadow_neu</include>
				<height>dialog-height5</height>
				<visible>String.IsEqual(Container(9001).NumItems,5)</visible>
			</control>
			<control type="image">
				<description>hintergrund 5 elemente</description>
				<include>global_dialogbg_neu</include>
				<height>dialog-height5</height>
				<visible>String.IsEqual(Container(9001).NumItems,5)</visible>
			</control>
			<control type="image">
				<description>schatten 6 elemente</description>
				<include>global_dialog_shadow_neu</include>
				<height>dialog-height6</height>
				<visible>String.IsEqual(Container(9001).NumItems,6)</visible>
			</control>
			<control type="image">
				<description>hintergrund 6 elemente</description>
				<include>global_dialogbg_neu</include>
				<height>dialog-height6</height>
				<visible>String.IsEqual(Container(9001).NumItems,6)</visible>
			</control>
			<control type="image">
				<description>schatten 7 elemente</description>
				<include>global_dialog_shadow_neu</include>
				<height>dialog-height7</height>
				<visible>String.IsEqual(Container(9001).NumItems,7)</visible>
			</control>
			<control type="image">
				<description>hintergrund 7 elemente</description>
				<include>global_dialogbg_neu</include>
				<height>dialog-height7</height>
				<visible>String.IsEqual(Container(9001).NumItems,7)</visible>
			</control>
			<control type="image">
				<description>background header</description>
				<include>dialog_headerfront_neu</include>
			</control>
			<control type="label">
				<description>header</description>
				<label>$LOCALIZE[31303]</label>
				<include>dialog_headertitle_neu</include>
			</control>
			<control type="grouplist" id="9001"><!-- 4-8 -->
				<left>dialog-border</left>
				<top>dialog-inner-top</top>
				<width>dialog-inner-width</width>
				<height>448</height>
				<onleft>SetFocus(9000)</onleft>
				<onright>SetFocus(9000)</onright>
				<onup>9001</onup>
				<ondown>9001</ondown>
				<onback>SetFocus(9000)</onback>
				<itemgap>0</itemgap>
				<control type="radiobutton" id="90021">
					<description>Ansichts auswahl und einstellung an/aus</description>
					<include>dialog_buttonneu</include>
					<label>$LOCALIZE[31299]</label>
					<onclick>Skin.ToggleSetting(enableviewchange)</onclick>
					<onclick>ReloadSkin()</onclick>
					<selected>Skin.HasSetting(enableviewchange)</selected>
					<visible>[Container.Content(albums) | Container.Content(songs) | Container.Content(artists)]</visible>
				</control>
				<control type="radiobutton" id="16">
					<description>PartyMode</description>
					<include>dialog_buttonneu</include>
					<label>$LOCALIZE[589]</label>
					<visible>Control.IsEnabled(16)</visible>
				</control>
				<control type="radiobutton" id="11">
					<description>Unlock Shares</description>
					<include>dialog_buttonneu</include>
					<label>$LOCALIZE[20336]</label>
					<onclick>mastermode</onclick>
					<selected>system.ismaster</selected>
					<visible>system.haslocks</visible>
				</control>
				<control type="togglebutton" id="20">
					<description>Update library</description>
					<include>dialog_buttonneu</include>
					<label>$LOCALIZE[653]</label>
					<altlabel>$LOCALIZE[13353]</altlabel>
					<alttexturefocus colordiffuse="ACRed">buttons/button_focus.png</alttexturefocus>
					<alttexturenofocus>-</alttexturenofocus>
					<usealttexture>library.isscanningmusic</usealttexture>
					<visible>Control.IsEnabled(20) + Library.HasContent(Music)</visible>
				</control>
				<control type="button" id="204">
					<description>Clean library</description>
					<include>dialog_buttonneu</include>
					<label>$LOCALIZE[334]</label>
					<onclick>CleanLibrary(music)</onclick>
					<visible>Library.HasContent(Music)</visible>
				</control>
				<control type="button" id="208">
					<description>Export library</description>
					<include>dialog_buttonneu</include>
					<label>$LOCALIZE[14248]</label>
					<onclick>CleanLibrary(music)</onclick>
					<visible>Library.HasContent(Music)</visible>
				</control>
			</control>
		</control>
	</control>
	<include>global_topbar_multidata</include><!-- Topinfo -->
	<include>viewglobal_viewtypeselection</include><!-- Viewsettings -->
	<include>viewglobal_viewselectionerror</include><!-- fallbackinfo nonview -->
</controls>
</window>