<?xml version="1.0" encoding="UTF-8"?><!-- flex 2.0 -->
<window>
<defaultcontrol allways="true">9000</defaultcontrol>
<menucontrol>8999</menucontrol>
<controls>
	<include>CommonBackground</include>
	<include>CommonFanartBackground-mymusicplaylisteditor</include>
	<include>menucontrol</include>
	<!-- Left Panel -->
	<control type="group">
		<left>0</left>
		<top>85</top>
		<width>620</width>
		<height>647</height>
		<visible>!Window.isVisible(shutdownmenu) + !Window.Isvisible(DialogMusicInfo.xml)</visible>
		<animation effect="slide" start="-640" end="0" time="600" tween="quadratic" easing="out">WindowOpen</animation>
		<animation effect="slide" start="0" end="-640" time="600" tween="quadratic" easing="in">WindowClose</animation>
		<control type="image">
			<description>background left</description>
			<animation effect="fade" time="200" start="75" end="100" reversible="false" condition="Control.HasFocus(50)">Conditional</animation>
			<animation effect="fade" time="200" start="100" end="75" reversible="false" condition="Control.HasFocus(100)">Conditional</animation>
			<width>620</width>
			<height>595</height>
			<include>global_texture_heavy</include>
		</control>
		<control type="image">
			<description>schatten links oben</description>
			<left>0</left>
			<top>-5</top>
			<width>620</width>
			<include>global_topshadow5</include>
		</control>
		<control type="image">
			<description>hintergrund titel</description>
			<width>620</width>
			<include>global_texture_title</include>
		</control>
		<control type="label">
			<description>titel</description>
			<left>20</left>
			<width>475</width>
			<include>global_label_title</include>
			<label>$LOCALIZE[31394]</label>
		</control>
		<control type="label" id="12">
			<description>Header left Numitems</description>
			<left>505</left>
			<top>12</top>
			<width>100</width>
			<height>50</height>
			<align>right</align>
			<textcolor>TextColorFocus</textcolor>
			<label>$INFO[Container(50).NumItems] $LOCALIZE[31001]</label>
		</control>
		<!-- Left list -->
		<control type="list" id="50">
			<viewtype label="">list</viewtype>
			<top>65</top>
			<width>620</width>
			<height>502</height>
			<scrolltime>0</scrolltime>
			<onleft>9000</onleft>
			<onright>100</onright>
			<onup>50</onup>
			<ondown>50</ondown>
			<itemlayout height="50">
				<control type="image">
					<left>0</left>
					<top>0</top>
					<width>620</width>
					<height>1</height>
					<texture colordiffuse="$VAR[AC_value_shadow_color]">backgrounds/line.png</texture>
				</control>
				<control type="image">
					<left>6</left>
					<top>6</top>
					<width>38</width>
					<height>38</height>
					<texture fallback="DefaultAudio.png" background="true">$INFO[ListItem.Icon]</texture>
					<aspectratio align="center" scalediffuse="true">scale</aspectratio>
					<visible>!ListItem.IsParentFolder</visible>
				</control>
				<control type="label">
					<left>60</left>
					<top>0</top>
					<width>400</width>
					<height>50</height>
					<textcolor>TextColor2</textcolor>
					<label>$INFO[ListItem.Label]</label>
				</control>
				<control type="label">
					<left>400</left>
					<top>0</top>
					<width>200</width>
					<height>50</height>
					<align>right</align>
					<textcolor>TextColor2</textcolor>
					<label>$INFO[ListItem.Duration]</label>
					<visible>!String.IsEmpty(ListItem.Duration)</visible>
				</control>
				<control type="label">
					<left>400</left>
					<top>0</top>
					<width>200</width>
					<height>50</height>
					<align>right</align>
					<textcolor>TextColor2</textcolor>
					<label>$INFO[ListItem.Artist]</label>
					<visible>[String.Contains(Container.FolderPath,musicdb://albums) | String.Contains(Container.FolderPath,musicdb://compilation) | String.Contains(Container.FolderPath,musicdb://recentlyplayedalbums) | String.Contains(Container.FolderPath,musicdb://recentlyaddedalbums) | String.Contains(Container.FolderPath,musicdb://top100/albums)] + String.IsEmpty(ListItem.Duration)</visible>
				</control>
			</itemlayout>
			<focusedlayout height="50">
				<control type="image">
					<width>620</width>
					<height>50</height>
					<include>global_listfocustexture</include>
					<visible>Control.HasFocus(50)</visible>
				</control>
				<control type="image">
					<left>6</left>
					<top>6</top>
					<width>38</width>
					<height>38</height>
					<texture fallback="DefaultAudio.png" background="true">$INFO[ListItem.Icon]</texture>
					<aspectratio align="center" scalediffuse="true">scale</aspectratio>
					<visible>!ListItem.IsParentFolder</visible>
				</control>
				<control type="label">
					<left>60</left>
					<top>0</top>
					<width>400</width>
					<height>50</height>
					<textcolor>TextColor2</textcolor>
					<label>$INFO[ListItem.Label]</label>
					<visible>!Control.HasFocus(50)</visible>
				</control>
				<control type="label">
					<left>400</left>
					<top>0</top>
					<width>200</width>
					<height>50</height>
					<align>right</align>
					<textcolor>TextColor2</textcolor>
					<label>$INFO[ListItem.Duration]</label>
					<visible>!String.IsEmpty(ListItem.Duration) + !Control.HasFocus(50)</visible>
				</control>
				<control type="label">
					<left>400</left>
					<top>0</top>
					<width>200</width>
					<height>50</height>
					<align>right</align>
					<textcolor>TextColor2</textcolor>
					<label>$INFO[ListItem.Artist]</label>
					<visible>[String.Contains(Container.FolderPath,musicdb://albums) | String.Contains(Container.FolderPath,musicdb://compilation) | String.Contains(Container.FolderPath,musicdb://recentlyplayedalbums) | String.Contains(Container.FolderPath,musicdb://recentlyaddedalbums) | String.Contains(Container.FolderPath,musicdb://top100/albums)] + String.IsEmpty(ListItem.Duration)</visible>
					<visible>String.IsEmpty(ListItem.Duration) + !Control.HasFocus(50)</visible>
				</control>
				
				<control type="label">
					<left>60</left>
					<top>0</top>
					<width>400</width>
					<height>50</height>
					<textcolor>TextColorFocus</textcolor>
					<selectedcolor>TextColorSelectFO</selectedcolor>
					<label>$INFO[ListItem.Label]</label>
					<visible>Control.HasFocus(50)</visible>
				</control>
				<control type="label">
					<left>400</left>
					<top>0</top>
					<width>200</width>
					<height>50</height>
					<align>right</align>
					<textcolor>TextColorFocus</textcolor>
					<selectedcolor>TextColorSelectFO</selectedcolor>
					<label>$INFO[ListItem.Duration]</label>
					<visible>!String.IsEmpty(ListItem.Duration) + Control.HasFocus(50)</visible>
				</control>
				<control type="label">
					<left>400</left>
					<top>0</top>
					<width>200</width>
					<height>50</height>
					<align>right</align>
					<textcolor>TextColorFocus</textcolor>
					<selectedcolor>TextColorSelectFO</selectedcolor>
					<label>$INFO[ListItem.Artist]</label>
					<visible>[String.Contains(Container.FolderPath,musicdb://albums) | String.Contains(Container.FolderPath,musicdb://compilation) | String.Contains(Container.FolderPath,musicdb://recentlyplayedalbums) | String.Contains(Container.FolderPath,musicdb://recentlyaddedalbums) | String.Contains(Container.FolderPath,musicdb://top100/albums)] + String.IsEmpty(ListItem.Duration)</visible>
					<visible>String.IsEmpty(ListItem.Duration) + Control.HasFocus(50)</visible>
				</control>
			</focusedlayout>
		</control>
	</control>
	<!-- Right Panel -->
	<control type="group">
		<left>660</left>
		<top>85</top>
		<width>620</width>
		<height>647</height>
		<animation effect="slide" start="640" end="0" time="600" tween="quadratic" easing="out">WindowOpen</animation>
		<animation effect="slide" start="0" end="640" time="600" tween="quadratic" easing="in">WindowClose</animation>
		<visible>!Window.isVisible(shutdownmenu) + !Window.Isvisible(DialogMusicInfo.xml)</visible>
		<control type="image">
			<description>hintergrund</description>
			<width>620</width>
			<height>595</height>
			<include>global_texture_heavy</include>
			<animation effect="fade" time="200" start="75" end="100" reversible="false" condition="Control.HasFocus(100)">Conditional</animation>
			<animation effect="fade" time="200" start="100" end="75" reversible="false" condition="Control.HasFocus(50)">Conditional</animation>
		</control>
		<control type="image">
			<description>schatten rechts oben</description>
			<left>0</left>
			<top>-5</top>
			<width>620</width>
			<include>global_topshadow5</include>
		</control>
		<control type="image">
			<description>hintergrund titel</description>
			<width>620</width>
			<include>global_texture_title</include>
		</control>
		<control type="label">
			<description>titel</description>
			<left>20</left>
			<width>475</width>
			<include>global_label_title</include>
			<label>$LOCALIZE[13350]</label>
		</control>
		<control type="label" id="12">
			<description>Header left Numitems</description>
			<left>505</left>
			<top>12</top>
			<width>100</width>
			<height>50</height>
			<align>right</align>
			<textcolor>TextColorFocus</textcolor>
			<label>$INFO[Container(100).NumItems] Titel</label>
		</control>
		<!-- Right list -->
		<control type="list" id="100">
			<viewtype label="">list</viewtype>
			<top>65</top>
			<width>620</width>
			<height>502</height>
			<scrolltime>0</scrolltime>
			<onleft>50</onleft>
			<onright>9000</onright>
			<onup>100</onup>
			<ondown>100</ondown>
			<itemlayout height="50">
				<control type="image">
					<left>0</left>
					<top>0</top>
					<width>620</width>
					<height>1</height>
					<texture colordiffuse="$VAR[AC_value_shadow_color]">backgrounds/line.png</texture>
				</control>
				<control type="image">
					<left>6</left>
					<top>6</top>
					<width>38</width>
					<height>38</height>
					<texture fallback="DefaultAudio.png" background="true">$INFO[ListItem.Icon]</texture>
					<aspectratio align="center" scalediffuse="true">scale</aspectratio>
					<visible>!ListItem.IsParentFolder</visible>
				</control>
				<control type="label">
					<left>60</left>
					<top>0</top>
					<width>440</width>
					<height>50</height>
					<textcolor>TextColor2</textcolor>
					<label>$INFO[ListItem.Label]</label>
				</control>
				<control type="label">
					<left>450</left>
					<top>0</top>
					<width>150</width>
					<height>50</height>
					<align>right</align>
					<textcolor>TextColor2</textcolor>
					<label>$INFO[ListItem.Duration]</label>
					<visible>!String.IsEmpty(ListItem.Duration)</visible>
				</control>
				<control type="label">
					<left>450</left>
					<top>0</top>
					<width>150</width>
					<height>50</height>
					<align>right</align>
					<textcolor>TextColor2</textcolor>
					<label>$INFO[ListItem.Label]</label>
					<visible>String.IsEmpty(ListItem.Duration)</visible>
				</control>
			</itemlayout>
			<focusedlayout height="50">
				<control type="image">
					<width>620</width>
					<height>50</height>
					<include>global_listfocustexture</include>
					<visible>Control.HasFocus(100)</visible>
				</control>
				<control type="image">
					<left>6</left>
					<top>6</top>
					<width>38</width>
					<height>38</height>
					<texture fallback="DefaultAudio.png" background="true">$INFO[ListItem.Icon]</texture>
					<aspectratio align="center" scalediffuse="true">scale</aspectratio>
					<visible>!ListItem.IsParentFolder</visible>
				</control>
				<control type="label">
					<left>60</left>
					<top>0</top>
					<width>440</width>
					<height>50</height>
					<textcolor>TextColor2</textcolor>
					<label>$INFO[ListItem.Label]</label>
					<visible>!Control.HasFocus(100)</visible>
				</control>
				<control type="label">
					<left>450</left>
					<top>0</top>
					<width>150</width>
					<height>50</height>
					<align>right</align>
					<textcolor>TextColor2</textcolor>
					<label>$INFO[ListItem.Duration]</label>
					<visible>!String.IsEmpty(ListItem.Duration) + !Control.HasFocus(100)</visible>
				</control>
				<control type="label">
					<left>450</left>
					<top>0</top>
					<width>150</width>
					<height>50</height>
					<align>right</align>
					<textcolor>TextColor2</textcolor>
					<label>$INFO[ListItem.Label]</label>
					<visible>String.IsEmpty(ListItem.Duration) + !Control.HasFocus(100)</visible>
				</control>
				
				<control type="label">
					<left>60</left>
					<top>0</top>
					<width>440</width>
					<height>50</height>
					<textcolor>TextColorFocus</textcolor>
					<selectedcolor>TextColorSelectFO</selectedcolor>
					<label>$INFO[ListItem.Label]</label>
					<visible>Control.HasFocus(100)</visible>
				</control>
				<control type="label">
					<left>450</left>
					<top>0</top>
					<width>150</width>
					<height>50</height>
					<align>right</align>
					<textcolor>TextColorFocus</textcolor>
					<selectedcolor>TextColorSelectFO</selectedcolor>
					<label>$INFO[ListItem.Duration]</label>
					<visible>!String.IsEmpty(ListItem.Duration) + Control.HasFocus(100)</visible>
				</control>
				<control type="label">
					<left>450</left>
					<top>0</top>
					<width>150</width>
					<height>50</height>
					<align>right</align>
					<textcolor>TextColorFocus</textcolor>
					<selectedcolor>TextColorSelectFO</selectedcolor>
					<label>$INFO[ListItem.Label]</label>
					<visible>String.IsEmpty(ListItem.Duration) + Control.HasFocus(100)</visible>
				</control>
			</focusedlayout>
		</control>
	</control>
	<!-- Button menue -->
	<control type="group">
		<top>680</top>
		<animation effect="slide" start="0,70" end="0,0" time="600" delay="0" easing="inout" tween="cubic">WindowOpen</animation>
		<animation effect="slide" start="0,70" end="0,0" time="600" delay="0" easing="inout" tween="cubic">Visible</animation>
		<animation effect="slide" start="0,0" end="0,70" time="600" easing="inout" tween="cubic">WindowClose</animation>
		<animation effect="slide" start="0,0" end="0,70" time="600" easing="inout" tween="cubic">Hidden</animation>
		<visible>!Window.isVisible(shutdownmenu) + !Window.Isvisible(DialogMusicInfo.xml)</visible>
		<control type="image">
			<description>hintergrund menue</description>
			<width>1280</width>
			<height>40</height>
			<include>global_texture_focus</include>
		</control>
		<control type="image">
			<description>schatten oben</description>
			<left>0</left>
			<top>-5</top>
			<include>global_topshadow5</include>
		</control>
		<control type="grouplist" id="9000">
			<left>0</left>
			<top>0</top>
			<itemgap>0</itemgap>
			<width>1281</width>
			<onup>50</onup>
			<ondown>50</ondown>
			<orientation>horizontal</orientation>
			<control type="button" id="6">
				<description>Open button</description>
				<width>427</width>
				<include>background_bottom_button</include>
				<label>$LOCALIZE[31392]</label>
			</control>
			<control type="button" id="7">
				<description>Save button</description>
				<width>427</width>
				<textcolor>$VAR[viewmusicplaylisteditor_emptylistcolor]</textcolor>
				<include>background_bottom_button</include>
				<label>$LOCALIZE[190]</label>
			</control>
			<control type="button" id="8">
				<description>Clear button</description>
				<width>427</width>
				<include>background_bottom_button</include>
				<label>$LOCALIZE[31393]</label>
			</control>
		</control>
	</control>
</controls>
</window>
