<?xml version="1.0" encoding="utf-8"?>
<window>
<defaultcontrol always="true">90</defaultcontrol>
<coordinates>
	<system>1</system>
	<left>370</left>
	<top>100</top>
</coordinates>
<controls>

	<control type="group">
		<left>0</left>
		<top>150</top>
		<include>animation_dialog_popup</include>
		<control type="group">
			<width>788</width>
			<height>365</height>
			<include content="global_dialog_mid_bg">
				<param name="global_dialog_mid_bg-left" value="0" />
				<param name="global_dialog_mid_bg-width" value="798" />
				<param name="global_dialog_mid_bg-innerwidth" value="624" />
				<param name="global_dialog_mid_bg-height" value="405" />
				<param name="global_dialog_mid_bg-headerlabel" value="$INFO[Window.Property(label)]" />
				<param name="global_dialog_mid_headerid" value="-" />
			</include>
			<control type="group"><!-- Actorinfo -->
				<left>30</left>
				<visible>Control.HasFocus(4101) | Control.HasFocus(7) | Control.HasFocus(4105)</visible>
				<control type="list" id="49">
					<top>50</top>
					<width>625</width>
					<height>200</height>
					<onleft>90</onleft>
					<onright>90</onright>
					<itemgap>0</itemgap>
					<pagecontrol>-</pagecontrol>
					<scrolltime>200</scrolltime>
					<itemlayout width="625" height="30">
						<control type="label">
							<width>130</width>
							<height>30</height>
							<textcolor>TextColor2</textcolor>
							<label>$INFO[ListItem.Label]</label>
						</control>
						<control type="label">
							<left>130</left>
							<width>455</width>
							<height>30</height>
							<label>$INFO[ListItem.Label2]</label>
						</control>
					</itemlayout>
					<focusedlayout width="625" height="30">
						<control type="label">
							<width>130</width>
							<height>30</height>
							<textcolor>TextColor2</textcolor>
							<label>$INFO[ListItem.Label]</label>
						</control>
						<control type="label">
							<left>130</left>
							<width>455</width>
							<height>30</height>
							<label>$INFO[ListItem.Label2]</label>
						</control>
					</focusedlayout>
					<content>
						<item>
							<label>$LOCALIZE[31428]</label>
							<label2 fallback="31008">$INFO[Window.Property(AlsoKnownAs)</label2>
							<onclick>noop</onclick>
						</item>
						<item>
							<label>$LOCALIZE[31424]</label>
							<label2 fallback="31008">$INFO[Window.Property(PlaceOfBirth)]</label2>
							<onclick>noop</onclick>
						</item>
						<item>
							<label>$LOCALIZE[31423]</label>
							<label2 fallback="31008">$INFO[Window.Property(Birthday)]</label2>
							<onclick>noop</onclick>
						</item>
						<item>
							<label>$LOCALIZE[31422]</label>
							<label2 fallback="31008">$INFO[Window.Property(Age)]</label2>
							<onclick>noop</onclick>
						</item>
						<item>
							<label>$LOCALIZE[31425]</label>
							<label2 fallback="31008">$INFO[Window.Property(TotalMovies),, ]$INFO[Window.Property(DBMovies),$LOCALIZE[31427]: ,]</label2>
							<onclick>noop</onclick>
						</item>
						<item>
							<label>$LOCALIZE[31426]</label>
							<label2>$INFO[Window.Property(Deathday)]</label2>
							<onclick>noop</onclick>
							<visible>!String.IsEmpty(Window.Property(Deathday))</visible>
						</item>
						<item>
							<label>Homepage</label>
							<label2 fallback="31008">$INFO[Window.Property(Homepage)]</label2>
							<onclick>noop</onclick>
						</item>
					</content>
				</control>
				<control type="textbox"><!-- Plot -->
					<top>260</top>
					<width>570</width>
					<include>PlotNormal66</include>
					<label fallback="31009">$INFO[Window.Property(Biography)]</label>
					<autoscroll delay="15000" time="5000" repeat="15000">true</autoscroll>
				</control>
			</control>
			<control type="group"><!-- Actorbio -->
				<visible>Control.HasFocus(4102) | Control.HasFocus(613)</visible>
				<control type="textbox"><!-- Plot focus -->
					<left>30</left>
					<top>50</top>
					<width>560</width>
					<include>PlotNormal308</include>
					<pagecontrol>613</pagecontrol>
					<label fallback="31009">$INFO[Window.Property(Biography)]$INFO[Window.Property(Biography)]$INFO[Window.Property(Biography)]$INFO[Window.Property(Biography)]$INFO[Window.Property(Biography)]$INFO[Window.Property(Biography)]$INFO[Window.Property(Biography)]$INFO[Window.Property(Biography)]$INFO[Window.Property(Biography)]</label>
					<autoscroll delay="15000" time="5000" repeat="15000">false</autoscroll>
				</control>
				<!-- scrollbar -->
				<control type="scrollbar" id="613">
					<left>595</left>
					<top>50</top>
					<height>312</height>
					<showonepage>true</showonepage><!-- include ueberschreibung -->
					<include>scrollbar_vertical</include>
					<onleft>90</onleft><!-- back -->
					<onright>90</onright><!-- back -->
					<onup>613</onup>
					<ondown>613</ondown>
					<visible allowhiddenfocus="true">Control.HasFocus(613)</visible>
				</control>
			</control>
			<control type="group"><!-- filmrollen -->
				<visible>Control.HasFocus(4103) | Control.HasFocus(150)</visible>
				<control type="list" id="150">
					<top>53</top>
					<width>625</width>
					<height>280</height>
					<onleft>90</onleft>
					<onright>90</onright>
					<itemgap>0</itemgap>
					<pagecontrol>-</pagecontrol>
					<scrolltime>200</scrolltime>
					<itemlayout width="625" height="40">
						<control type="image">
							<left>10</left>
							<top>39</top>
							<width>625</width>
							<height>1</height>
							<texture colordiffuse="$VAR[AC_value_shadow_color]">backgrounds/line.png</texture>
						</control>
						<control type="label">
							<left>20</left>
							<width>500</width>
							<height>41</height>
							<scroll>false</scroll>
							<textcolor>TextColor2</textcolor>
							<label>$INFO[ListItem.Label]</label>
						</control>
					</itemlayout>
					<focusedlayout width="625" height="40">
						<control type="image">
							<height>40</height>
							<width>625</width>
							<include>global_listfocustexture</include>
							<visible>Control.HasFocus(150)</visible>
						</control>
						<control type="image">
							<left>10</left>
							<top>39</top>
							<width>625</width>
							<height>1</height>
							<texture colordiffuse="$VAR[AC_value_shadow_color]">backgrounds/line.png</texture>
							<visible>!Control.HasFocus(150)</visible>
						</control>
						<control type="label">
							<left>20</left>
							<width>500</width>
							<height>41</height>
							<textcolor>TextColorFocus</textcolor>
							<selectedcolor>TextColorSelectFO</selectedcolor>
							<label>$INFO[ListItem.Label]</label>
							<visible>Control.HasFocus(150)</visible>
						</control>
						<control type="label">
							<left>20</left>
							<width>500</width>
							<height>41</height>
							<scroll>false</scroll>
							<textcolor>TextColor2</textcolor>
							<label>$INFO[ListItem.Label]</label>
							<visible>!Control.HasFocus(150)</visible>
						</control>
					</focusedlayout>
				</control>
			</control>
			<control type="group"><!-- tvrollen -->
				<visible>Control.HasFocus(4104) | Control.HasFocus(250)</visible>
				<control type="list" id="250">
					<top>53</top>
					<width>625</width>
					<height>280</height>
					<onleft>90</onleft>
					<onright>90</onright>
					<itemgap>0</itemgap>
					<pagecontrol>-</pagecontrol>
					<scrolltime>200</scrolltime>
					<itemlayout width="625" height="40">
						<control type="image">
							<left>10</left>
							<top>39</top>
							<width>625</width>
							<height>1</height>
							<texture colordiffuse="$VAR[AC_value_shadow_color]">backgrounds/line.png</texture>
						</control>
						<control type="label">
							<left>20</left>
							<width>500</width>
							<height>41</height>
							<scroll>false</scroll>
							<textcolor>TextColor2</textcolor>
							<label>$INFO[ListItem.Label]</label>
						</control>
					</itemlayout>
					<focusedlayout width="625" height="40">
						<control type="image">
							<height>40</height>
							<width>625</width>
							<include>global_listfocustexture</include>
							<visible>Control.HasFocus(250)</visible>
						</control>
						<control type="image">
							<left>10</left>
							<top>39</top>
							<width>625</width>
							<height>1</height>
							<texture colordiffuse="$VAR[AC_value_shadow_color]">backgrounds/line.png</texture>
							<visible>!Control.HasFocus(250)</visible>
						</control>
						<control type="label">
							<left>20</left>
							<width>500</width>
							<height>41</height>
							<textcolor>TextColorFocus</textcolor>
							<selectedcolor>TextColorSelectFO</selectedcolor>
							<label>$INFO[ListItem.Label]</label>
							<visible>Control.HasFocus(250)</visible>
						</control>
						<control type="label">
							<left>20</left>
							<width>500</width>
							<height>41</height>
							<scroll>false</scroll>
							<textcolor>TextColor2</textcolor>
							<label>$INFO[ListItem.Label]</label>
							<visible>!Control.HasFocus(250)</visible>
						</control>
					</focusedlayout>
				</control>
			</control>
			<control type="group"><!-- Button Menue -->
				<left>625</left>
				<top>54</top>
				<control type="grouplist" id="90">
					<onleft>1000</onleft>
					<onright>1000</onright>
					<onup>90</onup>
					<ondown>90</ondown>
					<control type="button" id="4101">
						<description>info</description>
						<label>Info</label>
						<include>dialog_menuebutton</include>
						<onclick>noop</onclick>
					</control>
					<control type="button" id="4102">
						<description>Biografie</description>
						<label>$LOCALIZE[31418]</label>
						<include>dialog_menuebutton</include>
						<onclick>SetFocus(613)</onclick>
					</control>
					<control type="button" id="4103">
						<description>Filmrollen</description>
						<label>$LOCALIZE[31419]</label>
						<include>dialog_menuebutton</include>
						<onclick>SetFocus(150)</onclick>
						<visible>Integer.IsGreater(Container(150).NumItems,0)</visible>
					</control>
					<control type="button" id="4104">
						<description>TVRollen</description>
						<label>$LOCALIZE[31420]</label>
						<include>dialog_menuebutton</include>
						<onclick>SetFocus(250)</onclick>
						<visible>Integer.IsGreater(Container(250).NumItems,0)</visible>
					</control>
					<control type="button" id="4105">
						<description>images</description>
						<label>$LOCALIZE[31421]</label>
						<include>dialog_menuebutton</include>
						<onclick>SetFocus(750)</onclick>
						<onclick>Action(Select)</onclick>
						<visible>Integer.IsGreater(Container(750).NumItems,0)</visible>
					</control>
					<control type="button" id="7">
						<description>Cancel button</description>
						<label>$LOCALIZE[222]</label>
						<include>dialog_menuebutton</include>
						<onclick>Close</onclick>
					</control>
				</control>
			</control>
			<include content="global_dialog_mid_dividershadow-right">
				<param name="global_dialog_mid_dividershadow-right-left" value="624" />
				<param name="global_dialog_mid_dividershadow-right-height" value="395" />
			</include>
		</control>
		<control type="group"><!-- icon  -->
			<left>-241</left>
			<top>-5</top>
			<control type="image">
				<description>background menue</description>
				<width>246</width>
				<height>405</height>
				<texture border="5" flipx="true" colordiffuse="ACBackgroundColor">shadows/dialoge_inner.png</texture>
			</control>
			<control type="image">
				<description>background menue</description>
				<width>246</width>
				<height>405</height>
				<texture border="5" flipx="true" colordiffuse="$VAR[AC_value_shadow_color]">shadows/dialoge_shadow-left.png</texture>
			</control>
			<control type="image">
				<width>246</width>
				<height>405</height>
				<bordersize>5</bordersize>
				<fadetime>FanartCrossFadeTime</fadetime>
				<aspectratio aligny="center" align="center">scale</aspectratio>
				<texture background="true" fallback="defaultpictures/DefaultActor.png">$VAR[extendedactorinfo_thumb]</texture>
			</control>
			<control type="image">
				<left>5</left>
				<top>5</top>
				<width>50</width>
				<height>50</height>
				<texture>$VAR[extendedactorinfo_localflag]</texture>
				<colordiffuse>ACRed</colordiffuse>
			</control>
		</control>	
		<include content="global_dialog_mid_dividershadow-right">
			<param name="global_dialog_mid_dividershadow-right-left" value="0" />
			<param name="global_dialog_mid_dividershadow-right-height" value="395" />
		</include>
	</control>
	<control type="panel" id="750"><!-- TaggedImage 750 -->
		<include>Compaircontainer</include>
	</control>
</controls>
</window>
