<?xml version="1.0" encoding="UTF-8"?>
<window>
<controls>
	<control type="group">
		<left>217</left>
		<top>190</top>
		<width>847</width>
		<height>328</height>
		<visible>!Window.isVisible(virtualkeyboard) + !Window.isVisible(numericinput)</visible>
		<control type="label" id="2">
			<include>Hiddencontrol</include>
		</control>
		<control type="label" id="4">
			<include>Hiddencontrol</include>
		</control>
		<include>animation_dialog_popup</include>
		<include content="global_dialog_mid_bg">
			<param name="global_dialog_mid_bg-left" value="0" />
			<param name="global_dialog_mid_bg-width" value="855" />
			<param name="global_dialog_mid_bg-innerwidth" value="682" />
			<param name="global_dialog_mid_bg-height" value="328" />
			<param name="global_dialog_mid_bg-headerlabel" value="$INFO[Control.Getlabel(4)]" />
			<param name="global_dialog_mid_headerid" value="" />
		</include>
		<control type="list" id="10"><!-- Contentlist -->
			<top>53</top>
			<width>682</width>
			<height>164</height>
			<onup>10</onup>
			<ondown>10</ondown>
			<onleft>9001</onleft>
			<onright>9001</onright>
			<scrolltime>0</scrolltime>
			<itemlayout height="41">
				<control type="label">
					<width>605</width>
					<height>41</height>
					<textoffsetx>40</textoffsetx>
					<textoffsety>10</textoffsety>
					<textcolor>TextColor2</textcolor>
					<label>$INFO[ListItem.Label]</label>
				</control>
			</itemlayout>
			<focusedlayout height="41">
				<control type="image">
					<width>682</width>
					<height>41</height>
					<include>global_listfocustexture</include>
					<animation effect="fade" start="100" end="40" time="100" condition="ControlGroup(9001).HasFocus">Conditional</animation>
				</control>
				<control type="label">
					<description>Focuslabel</description>
					<width>605</width>
					<height>41</height>
					<textoffsetx>40</textoffsetx>
					<textcolor>TextColorFocus</textcolor>
					<selectedcolor>TextColorSelectFO</selectedcolor>
					<label>$INFO[ListItem.Label]</label>
				</control>
			</focusedlayout>
		</control>
		<!-- Editcontrol -->
		<control type="image">
			<description>Focus edit control background</description>
			<top>278</top>
			<width>682</width>
			<height>40</height>
			<texture colordiffuse="ACSkinColor">backgrounds/background-titles.png</texture>
		</control>
		<control type="label">
			<description>number of files/pages in list text label</description>
			<left>18</left>
			<top>278</top>
			<width>653</width>
			<height>40</height>
			<textcolor>TextColorFocus</textcolor>
			<label>$LOCALIZE[31001]: $INFO[Container(10).NumItems] - $LOCALIZE[31002]:  $INFO[Container(10).CurrentPage]/$INFO[Container(10).NumPages]</label>
		</control>
		<control type="grouplist" id="9001"><!-- Button Menue -->
			<left>682</left>
			<top>54</top>
			<onleft>10</onleft>
			<onright>10</onright>
			<onup>9001</onup>
			<ondown>9001</ondown>
			<control type="button" id="13">
				<description>add Button</description>
				<include>dialog_menuebutton</include>
				<label>$LOCALIZE[15019]</label>
			</control>
			<control type="button" id="14">
				<description>del Button</description>
				<include>dialog_menuebutton</include>
				<label>$LOCALIZE[15015]</label>
			</control>
			<control type="button" id="11">
				<description>change Button</description>
				<include>dialog_menuebutton</include>
				<label></label>
			</control>
			<control type="label" id="4056">
				<description>Empty Buttondivider</description>
				<width>163</width>
				<height>11</height>
				<label></label>
			</control>
			<control type="button" id="18">
				<description>Ok Button</description>
				<include>dialog_menuebutton</include>
				<label>$LOCALIZE[186]</label>
			</control>
			<control type="button" id="19">
				<description>Cancel Button</description>
				<include>dialog_menuebutton</include>
				<label>$LOCALIZE[222]</label>
			</control>
		</control>
		<include content="global_dialog_mid_dividershadow-right">
			<param name="global_dialog_mid_dividershadow-right-left" value="682" />
			<param name="global_dialog_mid_dividershadow-right-height" value="318" />
		</include>
	</control>
</controls>
</window>
