<?xml version="1.0" encoding="UTF-8"?><!-- flex 2.0 -->
<window>
<defaultcontrol always="true">9000</defaultcontrol>
<menucontrol>8999</menucontrol>
<backgroundcolor>ACBackgroundColorFull</backgroundcolor>
<controls>
<include>menucontrol</include>
<include>CommonBackground</include>
<control type="group">
	<include>animation_window</include>
	<visible>$EXP[HasNotDialogPopup]</visible>
	<control type="group"><!-- info -->
		<left>240</left>
		<top>60</top>
		<control type="image">
			<description>hintergrund</description>
			<width>1045</width>
			<height>660</height>
			<texture>White.png</texture>
			<colordiffuse>ACBackgroundColor</colordiffuse>
		</control>
		<control type="image">
			<description>hintergrund titel</description>
			<width>1040</width>
			<include>global_texture_title</include>
		</control>
		<control type="label" id="40">
			<description>titel</description>
			<include>Hiddencontrol</include>
		</control>
		<control type="label">
			<description>titel</description>
			<left>50</left>
			<width>900</width>
			<include>global_label_title</include>
			<label>$VAR[value_settings_midtitle]</label>
		</control>
		<control type="group">
			<description>System info</description>
			<visible>!Control.HasFocus(88)</visible>
			<animation effect="fade" reversible="true" time="300">VisibleChange</animation>
			<control type="grouplist">
				<left>50</left>
				<top>70</top>
				<width>940</width>
				<height>270</height>
				<itemgap>10</itemgap>
				<control type="label" id="2">
					<width>890</width>
					<height>20</height>
					<label>-</label>
				</control>
				<control type="label" id="3">
					<width>890</width>
					<height>20</height>
					<label>-</label>
				</control>
				<control type="label" id="4">
					<width>890</width>
					<height>20</height>
					<label>-</label>
				</control>
				<control type="label" id="5">
					<width>890</width>
					<height>20</height>
					<label>-</label>
				</control>
				<control type="label" id="6">
					<width>890</width>
					<height>20</height>
					<label>-</label>
				</control>
				<control type="label" id="7">
					<width>890</width>
					<height>20</height>
					<label>-</label>
				</control>
				<control type="label" id="8">
					<width>890</width>
					<height>20</height>
					<label>-</label>
				</control>
				<control type="label" id="9">
					<width>890</width>
					<height>20</height>
					<label>-</label>
				</control>
				<control type="label" id="10">
					<width>890</width>
					<height>20</height>
					<label>-</label>
				</control>
				<control type="label" id="11">
					<width>890</width>
					<height>20</height>
					<label>-</label>
				</control>
			</control>
			<control type="label">
				<description>System info</description>
				<left>50</left>
				<top>340</top>
				<height>49</height>
				<width>800</width>
				<font>SemiNormal</font>
				<label>$LOCALIZE[130]</label>
				<animation effect="fade" reversible="true" time="300">VisibleChange</animation>
				<visible>!Control.HasFocus(9001)</visible>
			</control>
			<control type="label" id="52">
				<description>Kodi Version</description>
				<left>50</left>
				<top>390</top>
				<height>25</height>
				<width>800</width>
				<label></label>
				<animation effect="fade" reversible="true" time="300">VisibleChange</animation>
				<visible>!Control.HasFocus(9001)</visible>
			</control>
			<control type="label">
				<description>skin version</description>
				<left>50</left>
				<top>420</top>
				<height>25</height>
				<width>800</width>
				<label>Aeon Flex $VAR[flex_value_skinversion]</label>
				<animation effect="fade" reversible="true" time="300">VisibleChange</animation>
				<visible>!Control.HasFocus(9001)</visible>
			</control>
			<control type="label">
				<description>CPU-Auslastung</description>
				<left>50</left>
				<top>450</top>
				<height>25</height>
				<width>850</width>
				<textcolor>TextColor2</textcolor>
				<label>$LOCALIZE[13271] $INFO[System.CPUUsage]</label>
			</control>
			<control type="progress">
				<left>50</left>
				<top>477</top>
				<height>8</height>
				<width>350</width>
				<info>System.CPUUsage</info>
				<texturebg colordiffuse="TextColor3">dialogs/progress/osd_progress_back.png</texturebg>
				<lefttexture colordiffuse="$VAR[AC_value_progresscolor]">dialogs/progress/osd_progress_left.png</lefttexture>
				<midtexture colordiffuse="$VAR[AC_value_progresscolor]">dialogs/progress/osd_progress_mid.png</midtexture>
				<righttexture colordiffuse="$VAR[AC_value_progresscolor]">dialogs/progress/osd_progress_right.png</righttexture>
			</control>
			<control type="label">
				<description>belegter Speicher</description>
				<left>50</left>
				<top>505</top>
				<width>350</width>
				<height>25</height>
				<textcolor>TextColor2</textcolor>
				<label>$LOCALIZE[13277]: $INFO[System.Memory(used.percent)]</label>
			</control>
			<control type="progress">
				<left>50</left>
				<top>532</top>
				<height>8</height>
				<width>350</width>
				<info>System.Memory(used)</info>
				<texturebg colordiffuse="TextColor3">dialogs/progress/osd_progress_back.png</texturebg>
				<lefttexture colordiffuse="$VAR[AC_value_progresscolor]">dialogs/progress/osd_progress_left.png</lefttexture>
				<midtexture colordiffuse="$VAR[AC_value_progresscolor]">dialogs/progress/osd_progress_mid.png</midtexture>
				<righttexture colordiffuse="$VAR[AC_value_progresscolor]">dialogs/progress/osd_progress_right.png</righttexture>
			</control>
			<control type="label">
				<description>Freier Speicher</description>
				<left>50</left>
				<top>562</top>
				<width>350</width>
				<height>25</height>
				<textcolor>TextColor2</textcolor>
				<label>$LOCALIZE[13277]: $INFO[System.UsedSpacePercent]</label>
			</control>
			<control type="progress">
				<left>50</left>
				<top>589</top>
				<height>8</height>
				<width>350</width>
				<info>System.UsedSpace</info>
				<texturebg colordiffuse="TextColor3">dialogs/progress/osd_progress_back.png</texturebg>
				<lefttexture colordiffuse="$VAR[AC_value_progresscolor]">dialogs/progress/osd_progress_left.png</lefttexture>
				<midtexture colordiffuse="$VAR[AC_value_progresscolor]">dialogs/progress/osd_progress_mid.png</midtexture>
				<righttexture colordiffuse="$VAR[AC_value_progresscolor]">dialogs/progress/osd_progress_right.png</righttexture>
			</control>
		</control>
		<control type="textbox">
			<description>skin Credits</description>
			<left>50</left>
			<top>70</top>
			<width>940</width>
			<include>PlotNormal308</include>
			<label>[COLOR=TextColor2]$LOCALIZE[31121]:[/COLOR] Pacoma, Marc0810[CR][COLOR=TextColor2]$LOCALIZE[31122]:[/COLOR] BJ1 Scripting (SwitchTimer, GermanTelecastOffers)[CR][CR][CR]$LOCALIZE[31123]</label>
			<animation effect="fade" reversible="true" time="300">VisibleChange</animation>
			<autoscroll delay="25000" time="4000" repeat="25000">true</autoscroll>
			<visible>Control.HasFocus(88)</visible>
		</control>
		<control type="image">
			<description>Skinlogo</description>
			<left>900</left>
			<top>80</top>
			<width>100</width>
			<height>100</height>
			<texture colordiffuse="ACSkinColor">logo_flex_sw.png</texture>
			<animation effect="rotatey" delay="1500" center="640,0" start="0" end="360" time="4000" loop="true" condition="!String.IsEmpty(Control.GetLabel(915))">Conditional</animation>
			<visible>Control.HasFocus(88)</visible>
		 </control>
		 <control type="image">
			<description>Skinlogo</description>
			<left>900</left>
			<top>80</top>
			<width>100</width>
			<height>100</height>
			<texture colordiffuse="TextColor1">logo_flex_text.png</texture>
			<animation effect="rotatey" delay="1500" center="640,0" start="0"end="360" time="4000" loop="true" condition="!String.IsEmpty(Control.GetLabel(915))">Conditional</animation>
			<visible>Control.HasFocus(88)</visible>
		 </control>
	</control>
	<include>global_rss</include>
	<control type="group"><!-- Menu -->
		<control type="image">
			<description>Hintergrund Menu</description>
			<width>240</width>
			<height>720</height>
			<include>global_texture_light</include>
		</control>
		<control type="image">
			<description>Schatten</description>
			<left>240</left>
			<height>720</height>
			<include>global_texture_border8_rightv</include>
		</control>
		<control type="label">
			<include>settings_title</include>
			<label>$LOCALIZE[130]</label>
			<animation effect="fade" reversible="true" time="300">VisibleChange</animation>
		</control>
		<include>global_date</include>
		<control type="grouplist" id="9000">
			<top>120</top>
			<width>240</width>
			<height>660</height>
			<orientation>vertical</orientation>
			<itemgap>0</itemgap>
			<onleft>close</onleft>
			<onright>noop</onright>
			<onup>9000</onup>
			<ondown>9000</ondown>
			<control type="button" id="95">
				<description>Default Values</description>
				<textoffsetx>20</textoffsetx>
				<label>$LOCALIZE[20037]</label>
			</control>
			<control type="button" id="94">
				<description>Storage</description>
				<textoffsetx>20</textoffsetx>
				<label>$LOCALIZE[13277]</label>
			</control>
			<control type="button" id="96">
				<description>Network</description>
				<textoffsetx>20</textoffsetx>
				<label>$LOCALIZE[13279]</label>
			</control>
			<control type="button" id="97">
				<description>Video</description>
				<textoffsetx>20</textoffsetx>
				<label>$LOCALIZE[13280]</label>
			</control>
			<control type="button" id="98">
				<description>Hardware</description>
				<textoffsetx>20</textoffsetx>
				<label>$LOCALIZE[13281]</label>
			</control>
			<control type="button" id="99">
				<description>PVR</description>
				<textoffsetx>20</textoffsetx>
				<label>$LOCALIZE[19191]</label>
			</control>
			<control type="button" id="88">
				<description>skin Credits</description>
				<textoffsetx>20</textoffsetx>
				<label>Aeon Flex</label>
			</control>
		</control>
	</control>
</control>
</controls>
</window>