<?xml version="1.0" encoding="utf-8"?>
<window id="136"><!-- flex 2.0 -->
<defaultcontrol always="true">22</defaultcontrol>
<controls>
<control type="group">
	<left>217</left>
	<top>54</top>
	<width>847</width>
	<height>328</height>
	<include>animation_dialog_popup</include>
	<visible>![Window.IsActive(smartplaylistrule) | Window.isVisible(virtualkeyboard) | Window.isVisible(numericinput) | Window.isVisible(shutdownmenu)]</visible>
	<include content="global_dialog_mid_bg">
		<param name="global_dialog_mid_bg-left" value="0" />
		<param name="global_dialog_mid_bg-width" value="855" />
		<param name="global_dialog_mid_bg-innerwidth" value="682" />
		<param name="global_dialog_mid_bg-height" value="612" />
		<param name="global_dialog_mid_bg-headerlabel" value="$LOCALIZE[20333]" />
		<param name="global_dialog_mid_headerid" value="-" />
	</include>
	<control type="group" id="9002"><!-- list -->
		<description>control area</description>
		<left>0</left>
		<top>53</top>
		<width>682</width>
		<height>550</height>
		<control type="spincontrolex" id="22">
			<description>Set Playlist type</description>
			<width>682</width>
			<textoffsetx>30</textoffsetx>
			<spinposx>10</spinposx>
			<onright>20</onright>
			<onleft>22</onleft>
			<onup>18</onup>
			<ondown>12</ondown>
			<label>$LOCALIZE[467]</label>
		</control>
		<control type="label" id="1100">
			<description>Name Label</description>
			<top>50</top>
			<width>420</width>
			<height>25</height>
			<font>SemiNormal</font>
			<label>$LOCALIZE[21433]</label>
			<textoffsetx>30</textoffsetx>
		</control>
		<control type="image">
			<description>Focus edit control background</description>
			<top>80</top>
			<width>682</width>
			<height>40</height>
			<textoffsetx>30</textoffsetx>
			<include>global_listfocustexture</include>
			<visible>Control.HasFocus(12) + !Control.HasFocus(21)</visible>
		</control>
		<control type="edit" id="12">
			<description>Name Button</description>
			<top>80</top>
			<width>682</width>
			<align>left</align>
			<textoffsetx>30</textoffsetx>
			<label>-</label>
			<onup>22</onup>
			<onleft>12</onleft>
			<onright>12</onright>
			<ondown>10</ondown>
			<texturefocus>-</texturefocus>
			<texturenofocus>-</texturenofocus>
		</control>
		<control type="label">
			<description>rules label</description>
			<top>125</top>
			<width>682</width>
			<height>25</height>
			<textoffsetx>30</textoffsetx>
			<font>SemiNormal</font>
			<label>$LOCALIZE[21434]</label>
		</control>
		<control type="image">
			<left>-50</left>
			<top>155</top>
			<width>722</width>
			<height>3</height>
			<texture colordiffuse="$VAR[AC_value_shadow_color]">backgrounds/divider.png</texture>
		</control>
		<control type="list" id="10">
			<description>Rules List Control</description>
			<left>0</left>
			<top>165</top>
			<width>682</width>
			<height>121</height>
			<onup>12</onup>
			<onleft>10</onleft>
			<onright>13</onright>
			<ondown>16</ondown>
			<itemlayout height="40" width="682">
				<control type="label">
					<width>682</width>
					<height>40</height>
					<textoffsetx>30</textoffsetx>
					<label>$INFO[ListItem.Label]</label>
					<textcolor>TextColor2</textcolor>
				</control>
			</itemlayout>
			<focusedlayout height="40" width="682">
				<control type="image">
					<width>682</width>
					<height>40</height>
					<include>global_listfocustexture</include>
					<visible>Control.HasFocus(10)</visible>
				</control>
				<control type="label">
					<width>682</width>
					<height>40</height>
					<textoffsetx>30</textoffsetx>
					<label>$INFO[ListItem.Label]</label>
					<textcolor>TextColor2</textcolor>
					<disabledcolor>TextColor3</disabledcolor>
					<visible>!Control.HasFocus(10)</visible>
				</control>
				<control type="label">
					<width>682</width>
					<height>40</height>
					<textoffsetx>30</textoffsetx>
					<label>$INFO[ListItem.Label]</label>
					<textcolor>TextColorFocus</textcolor>
					<selectedcolor>TextColorSelectFO</selectedcolor>
					<disabledcolor>TextColor3</disabledcolor>
					<visible>Control.HasFocus(10)</visible>
				</control>
			</focusedlayout>
		</control>
		<control type="image">
			<left>-50</left>
			<top>296</top>
			<width>722</width>
			<height>3</height>
			<texture colordiffuse="$VAR[AC_value_shadow_color]">backgrounds/divider.png</texture>
		</control>
		<control type="spincontrolex" id="16">
			<description>items must match</description>
			<top>300</top>
			<width>682</width>
			<textoffsetx>30</textoffsetx>
			<spinposx>10</spinposx>
			<onright>13</onright>
			<onleft>16</onleft>
			<onup>10</onup>
			<ondown>17</ondown>
			<label>$LOCALIZE[21424]</label>
		</control>
		<control type="spincontrolex" id="17">
			<description>limit to</description>
			<top>340</top>
			<width>682</width>
			<textoffsetx>30</textoffsetx>
			<spinposx>10</spinposx>
			<onright>13</onright>
			<onleft>17</onleft>
			<onup>16</onup>
			<ondown>18</ondown>
			<label>$LOCALIZE[21427]</label>
		</control>
		<control type="spincontrolex" id="18">
			<description>order by</description>
			<top>380</top>
			<width>682</width>
			<textoffsetx>30</textoffsetx>
			<spinposx>10</spinposx>
			<onright>13</onright>
			<onleft>18</onleft>
			<onup>17</onup>
			<ondown>19</ondown>
			<label>$LOCALIZE[21429]</label>
		</control>
		<control type="togglebutton" id="19">
			<description>ascending / descending</description>
			<top>420</top>
			<width>682</width>
			<textoffsetx>30</textoffsetx>
			<onright>13</onright>
			<onleft>19</onleft>
			<onup>18</onup>
			<ondown>23</ondown>
			<label>$LOCALIZE[31006]: $LOCALIZE[21431]</label>
			<altlabel>$LOCALIZE[31006]: $LOCALIZE[21430]</altlabel>
		</control>
		<control type="spincontrolex" id="23">
			<description>group by</description>
			<top>460</top>
			<width>682</width>
			<textoffsetx>30</textoffsetx>
			<spinposx>10</spinposx>
			<onright>13</onright>
			<onleft>23</onleft>
			<onup>19</onup>
			<ondown>24</ondown>
			<label>$LOCALIZE[21458]</label>
		</control>
		<control type="radiobutton" id="24">
			<description>Content mixed</description>
			<top>500</top>
			<width>682</width>
			<textoffsetx>30</textoffsetx>
			<radioposx>592</radioposx>
			<label>$LOCALIZE[21459]</label>
			<onright>13</onright>
			<onleft>24</onleft>
			<onup>23</onup>
			<ondown>16</ondown>
		</control>
	</control>
	<control type="group"><!-- Button Menue -->
		<left>682</left>
		<top>53</top>
		<height>550</height>
		<control type="grouplist" id="9000">
			<onleft>9002</onleft>
			<onright>9002</onright>
			<onup>9000</onup>
			<ondown>9000</ondown>
			<control type="button" id="20">
				<description>Ok Button</description>
				<include>dialog_menuebutton</include>
				<label>$LOCALIZE[186]</label>
			</control>
			<control type="button" id="21">
				<description>Cancel Button</description>
				<include>dialog_menuebutton</include>
				<label>$LOCALIZE[222]</label>
			</control>
			<control type="label" id="4056">
				<description>Empty Buttondivider</description>
				<width>163</width>
				<height>68</height>
				<label></label>
			</control>
			<control type="button" id="13">
				<description>Add Rule Button</description>
				<include>dialog_menuebutton</include>
				<label>$LOCALIZE[15019]</label>
			</control>
			<control type="button" id="14">
				<description>Remove Rule Button</description>
				<include>dialog_menuebutton</include>
				<label>$LOCALIZE[1210]</label>
			</control>
			<control type="button" id="15">
				<description>Edit Rule Button</description>
				<include>dialog_menuebutton</include>
				<label>$LOCALIZE[21435]</label>
			</control>
		</control>
	</control>
	<include content="global_dialog_mid_dividershadow-right">
		<param name="global_dialog_mid_dividershadow-right-left" value="682" />
		<param name="global_dialog_mid_dividershadow-right-height" value="602" />
	</include>
</control>
</controls>
</window>