<?xml version="1.0" encoding="UTF-8"?><!-- flex 2.0 -->
<window>
<defaultcontrol always="true">15</defaultcontrol>
<controls>
<control type="group">
	<left>217</left>
	<top>190</top>
	<width>847</width>
	<height>328</height>
	<include>animation_dialog_popup</include>
	<visible>![Window.isVisible(virtualkeyboard) | Window.isVisible(numericinput) | Window.isVisible(shutdownmenu)]</visible>
	<include content="global_dialog_mid_bg">
		<param name="global_dialog_mid_bg-left" value="0" />
		<param name="global_dialog_mid_bg-width" value="855" />
		<param name="global_dialog_mid_bg-innerwidth" value="682" />
		<param name="global_dialog_mid_bg-height" value="230" />
		<param name="global_dialog_mid_bg-headerlabel" value="$LOCALIZE[20333]" />
		<param name="global_dialog_mid_headerid" value="-" />
	</include>
	<control type="group" id="9001"><!-- list -->
		<description>control area</description>
		<left>0</left>
		<top>53</top>
		<width>682</width>
		<height>550</height>
		<control type="spincontrolex" id="15">
			<description>Rule Field</description>
			<width>682</width>
			<textoffsetx>20</textoffsetx>
			<spinposx>10</spinposx>
			<onright>9000</onright>
			<onleft>noop</onleft>
			<onup>17</onup>
			<ondown>16</ondown>
			<font>-</font>
		</control>
		<control type="label">
			<description>Rule Field label</description>
			<width>420</width>
			<height>40</height>
			<textoffsetx>20</textoffsetx>
			<font>SemiNormal</font>
			<label>$INFO[Control.GetLabel(15)]</label>
			<visible>!Control.HasFocus(15)</visible>
		</control>
		<control type="label">
			<description>Rule Field label</description>
			<width>420</width>
			<height>40</height>
			<textoffsetx>20</textoffsetx>
			<font>SemiNormal</font>
			<textcolor>TextColorFocus</textcolor>
			<label>$INFO[Control.GetLabel(15)]</label>
			<visible>Control.HasFocus(15)</visible>
		</control>
		<control type="spincontrolex" id="16">
			<description>Rule Field</description>
			<top>40</top>
			<width>682</width>
			<textoffsetx>20</textoffsetx>
			<spinposx>10</spinposx>
			<onright>9000</onright>
			<onleft>noop</onleft>
			<onup>15</onup>
			<ondown>17</ondown>
			<font>-</font>
		</control>
		<control type="label">
			<description>Rule operator label</description>
			<top>40</top>
			<width>420</width>
			<height>40</height>
			<textoffsetx>20</textoffsetx>
			<font>SemiNormal</font>
			<label>$INFO[Control.GetLabel(16)]</label>
			<visible>!Control.HasFocus(16)</visible>
		</control>
		<control type="label">
			<description>Rule operator label</description>
			<top>40</top>
			<width>420</width>
			<height>40</height>
			<textoffsetx>20</textoffsetx>
			<font>SemiNormal</font>
			<textcolor>TextColorFocus</textcolor>
			<label>$INFO[Control.GetLabel(16)]</label>
			<visible>Control.HasFocus(16)</visible>
		</control>
		<control type="edit" id="17">
			<description>Name Button</description>
			<top>100</top>
			<width>682</width>
			<align>left</align>
			<textoffsetx>30</textoffsetx>
			<label>-</label>
			<onup>16</onup>
			<onleft>noop</onleft>
			<onright>9000</onright>
			<ondown>15</ondown>
			<textoffsetx>30</textoffsetx>
			<label>-</label>
		</control>
	</control>
	<control type="group"><!-- Button Menue -->
		<left>682</left>
		<top>53</top>
		<control type="grouplist" id="9000">
			<onleft>9001</onleft>
			<onright>9001</onright>
			<onup>9000</onup>
			<ondown>9000</ondown>
			<control type="button" id="20">
				<description>Browse Button</description>
				<include>dialog_menuebutton</include>
				<label>$LOCALIZE[1024]</label>
			</control>
			<control type="button" id="19">
				<description>Cancel Button</description>
				<include>dialog_menuebutton</include>
				<label>$LOCALIZE[222]</label>
			</control>
			<control type="button" id="18">
				<description>Ok Button</description>
				<include>dialog_menuebutton</include>
				<label>$LOCALIZE[186]</label>
			</control>
		</control>
	</control>
	<include content="global_dialog_mid_dividershadow-right">
		<param name="global_dialog_mid_dividershadow-right-left" value="682" />
		<param name="global_dialog_mid_dividershadow-right-height" value="220" />
	</include>
</control>
</controls>
</window>