<?xml version="1.0" encoding="UTF-8" standalone="yes"?>
<addon id="resource.images.moviegenrefanart.flex" name="Flex Videogenre Artworks" version="0.0.1" provider-name="Marc0810">
	<extension point="kodi.resource.images" compile="true" type="moviegenrefanart" />
	<requires>
		<import addon="kodi.resource" version="1.0.0"/>
	</requires>
	<extension point="xbmc.addon.metadata">
		<summary lang="de">Genre Artworks</summary>
		<description lang="de">Videogenre Artworks für Filme und Serien</description>
		<platform>all</platform>
	</extension>
</addon>
