<?xml version="1.0" encoding="UTF-8"?><!-- flex 2.0 -->
<window>
<defaultcontrol always="true">5550</defaultcontrol>
<animation effect="fade" start="0" end="100" time="300">WindowOpen</animation>
<animation effect="fade" start="100" end="0" time="200">WindowClose</animation>
<controls>
<control type="group">
	<visible>![Window.IsVisible(DialogConfirm.xml) | Window.IsVisible(extendedprogressdialog) | !Player.Muted + Window.IsVisible(volumebar) | Window.IsVisible(DialogNotification.xml)]</visible>
	<include>animation_topdialog_popup</include>
	<include>dialog_bar</include>
	<control type="progress">
		<include>dialog_progress</include>
		<info>System.CpuUsage</info>
	</control>
	<control type="label">
		<left>20</left>
		<width>auto</width>
		<height>30</height>
		<font>Breadcumb-topbar</font>
		<label>q</label>
	</control>
	<control type="label">
		<description>CPU</description>
		<left>55</left>
		<include content="dialog_label1">
			<param name="DialogHeaderLabel1" value="$LOCALIZE[13271]" />
		</include>
	</control>
	<control type="label">
		<include content="dialog_label2">
			<param name="DialogHeaderLabel2" value="$INFO[System.CpuUsage]" />
		</include>
	</control>
</control>
<control type="grouplist" id="5550">
	<left>15</left>
	<top>55</top>
	<width>1000</width>
	<height>60</height>
	<align>left</align>
	<orientation>horizontal</orientation>
	<itemgap>3</itemgap>
	<onup>Close</onup>
	<ondown>Close</ondown>
	<usecontrolcoords>true</usecontrolcoords>
	<control type="button" id="5553">
		<width>60</width>
		<height>60</height>
		<textoffsetx>0</textoffsetx>
		<align>center</align>
		<onclick>noop</onclick>
		<font>Icons-Bottombar</font>
		<label>ì</label>
		<texturenofocus colordiffuse="ACBackgroundColor_heavy">buttons/button_focus.png</texturenofocus>
		<label></label>
	</control>
	<control type="button" id="5552">
		<width>60</width>
		<height>60</height>
		<textoffsetx>0</textoffsetx>
		<align>center</align>
		<onclick>noop</onclick>
		<font>Icons-Bottombar</font>
		<label>Ǩ</label>
		<texturenofocus colordiffuse="ACBackgroundColor_heavy">buttons/button_focus.png</texturenofocus>
		<label></label>
		<visible>VideoPlayer.Content(LiveTV) + !String.StartsWith(PVR.ActStreamClient,IPTV)</visible>
	</control>
</control>
<control type="group">
	<top>525</top>
	<animation effect="slide" start="0,0" end="0,-65" time="0" condition="Control.HasFocus(5552)">Conditional</animation>
	<control type="image">
		<description>Hintergrund Dialog</description>
		<left>15</left>
		<top>15</top>
		<width>1180</width>
		<height>160</height>
		<include>global_texture_heavy</include>
		<visible>Control.HasFocus(5553)</visible>
	</control>
	<control type="image">
		<description>Hintergrund Dialog</description>
		<left>15</left>
		<top>15</top>
		<width>1180</width>
		<height>225</height>
		<include>global_texture_heavy</include>
		<visible>Control.HasFocus(5552)</visible>
	</control>
	<control type="group"><!-- codecinfo -->
		<left>20</left>
		<top>20</top>
		<visible>Control.HasFocus(5553)</visible>
		<control type="label">
			<description>Header icon</description>
			<top>10</top>
			<width>45</width>
			<height>22</height>
			<label>é</label>
			<font>Icons-Bottombar-Small</font>
			<textcolor>TextColor2</textcolor>
		</control>
		<control type="label">
			<description>Header</description>
			<left>45</left>
			<top>10</top>
			<width>565</width>
			<height>22</height>
			<label>$LOCALIZE[31980]</label>
			<font>SemiNormal</font>
			<textcolor>TextColor2</textcolor>
		</control>
		<control type="label">
			<description>Hardware decoding</description>
			<left>45</left>
			<top>35</top>
			<width>250</width>
			<height>22</height>
			<label>$LOCALIZE[31981]:</label>
		</control>
		<control type="label">
			<description>Hardware decoding</description>
			<left>250</left>
			<top>35</top>
			<width>350</width>
			<height>22</height>
			<label>$LOCALIZE[19074]</label>
			<textcolor>TextColor2</textcolor>
			<visible>Player.Process(videohwdecoder)</visible>
		</control>
		<control type="label">
			<description>Hardware decoding</description>
			<left>250</left>
			<top>35</top>
			<width>350</width>
			<height>22</height>
			<label>$LOCALIZE[31982]</label>
			<textcolor>TextColor2</textcolor>
			<visible>!Player.Process(videohwdecoder)</visible>
		</control>
		<control type="label">
			<description>Decoder</description>
			<left>45</left>
			<top>60</top>
			<width>250</width>
			<height>22</height>
			<label>$LOCALIZE[31988]:</label>
		</control>
		<control type="label">
			<description>Decoder</description>
			<left>250</left>
			<top>60</top>
			<width>350</width>
			<height>22</height>
			<label fallback="1446">$INFO[Player.Process(videodecoder)]$INFO[Player.Process(pixformat), • ]</label>
			<textcolor>TextColor2</textcolor>
		</control>
		<control type="label">
			<description>Deinterlace</description>
			<left>45</left>
			<top>85</top>
			<width>250</width>
			<height>22</height>
			<label>$LOCALIZE[31987]:</label>
		</control>
		<control type="label">
			<description>Deinterlace</description>
			<left>250</left>
			<top>85</top>
			<width>350</width>
			<height>22</height>
			<label fallback="1446">$INFO[Player.Process(deintmethod)]</label>
			<textcolor>TextColor2</textcolor>
		</control>
		<control type="label">
			<description>Resolution</description>
			<left>45</left>
			<top>110</top>
			<width>250</width>
			<height>22</height>
			<label>$LOCALIZE[169]:</label>
		</control>
		<control type="label">
			<description>Resolution</description>
			<left>250</left>
			<top>110</top>
			<width>350</width>
			<height>22</height>
			<label fallback="1446">$INFO[Player.Process(videowidth),,x]$INFO[Player.Process(videoheight),, px]$INFO[Player.Process(videodar), • , AR]$INFO[Player.Process(videofps), • , FPS]</label>
			<textcolor>TextColor2</textcolor>
		</control>
	</control>
	<control type="group"><!-- codecinfo -->
		<left>610</left>
		<top>20</top>
		<visible>Control.HasFocus(5553)</visible>
		<control type="label">
			<description>Header icon</description>
			<top>10</top>
			<width>45</width>
			<height>25</height>
			<label>ë</label>
			<font>Icons-Bottombar-Small</font>
			<textcolor>TextColor2</textcolor>
		</control>
		<control type="label">
			<description>Header</description>
			<left>45</left>
			<top>10</top>
			<width>565</width>
			<height>22</height>
			<label>$LOCALIZE[31984]</label>
			<font>SemiNormal</font>
			<textcolor>TextColor2</textcolor>
		</control>
		<control type="label">
			<description>Decoder</description>
			<left>45</left>
			<top>35</top>
			<width>250</width>
			<height>22</height>
			<label>$LOCALIZE[31988]:</label>
		</control>
		<control type="label">
			<description>Decoder</description>
			<left>250</left>
			<top>35</top>
			<width>350</width>
			<height>22</height>
			<label fallback="1446">$INFO[Player.Process(audiodecoder)]$INFO[Player.Process(audiobitspersample), • , bit]$INFO[Player.Process(audiosamplerate), • , Hz]</label>
			<textcolor>TextColor2</textcolor>
		</control>
		<control type="label">
			<description>Channels</description>
			<left>45</left>
			<top>60</top>
			<width>250</width>
			<height>22</height>
			<label>$LOCALIZE[31986]:</label>
		</control>
		<control type="label">
			<description>Channels</description>
			<left>250</left>
			<top>60</top>
			<width>350</width>
			<height>22</height>
			<label fallback="1446">$INFO[Player.Process(audiochannels)]</label>
			<textcolor>TextColor2</textcolor>
		</control>
		<control type="label">
			<description>Header icon</description>
			<top>85</top>
			<width>45</width>
			<height>22</height>
			<label>q</label>
			<font>Icons-Bottombar-Small</font>
			<textcolor>TextColor2</textcolor>
		</control>
		<control type="label">
			<description>Header</description>
			<left>45</left>
			<top>85</top>
			<width>565</width>
			<height>22</height>
			<label>$LOCALIZE[138]</label>
			<font>SemiNormal</font>
			<textcolor>TextColor2</textcolor>
		</control>
		<control type="label">
			<description>Memory</description>
			<left>45</left>
			<top>110</top>
			<width>250</width>
			<height>22</height>
			<label>$LOCALIZE[31985]:</label>
		</control>
		<control type="progress">
			<description>Progressbar</description>
			<left>250</left>
			<top>115</top>
			<width>275</width>
			<height>14</height>
			<midtexture colordiffuse="$VAR[AC_value_progresscolor]">dialogs/progress/progress_mid_big.png</midtexture>
			<lefttexture colordiffuse="$VAR[AC_value_progresscolor]">dialogs/progress/progress_mid_big.png</lefttexture>
			<righttexture colordiffuse="$VAR[AC_value_progresscolor]">dialogs/progress/progress_mid_big.png</righttexture>
			<info>System.Memory(used)</info>
		</control>
		<control type="label">
			<description>Memory value</description>
			<left>535</left>
			<top>110</top>
			<width>180</width>
			<height>22</height>
			<label>$INFO[System.Memory(used.percent)]</label>
			<textcolor>TextColor2</textcolor>
		</control>
	</control>
	<control type="group"><!-- pvr codecinfo -->
		<left>20</left>
		<top>20</top>
		<visible>VideoPlayer.Content(LiveTV) + !String.StartsWith(PVR.ActStreamClient,IPTV)</visible>
		<height>200</height>
		<visible>Control.HasFocus(5552)</visible>
		<control type="label">
			<description>Header icon</description>
			<top>10</top>
			<width>45</width>
			<height>22</height>
			<label>D</label>
			<font>Icons-Bottombar-Small</font>
			<textcolor>TextColor2</textcolor>
		</control>
		<control type="label">
			<description>Header</description>
			<left>50</left>
			<top>10</top>
			<width>565</width>
			<height>22</height>
			<label>$LOCALIZE[19005]</label>
			<font>SemiNormal</font>
			<textcolor>TextColor2</textcolor>
		</control>
		<control type="label">
			<description>Backend</description>
			<left>50</left>
			<top>35</top>
			<width>310</width>
			<height>22</height>
			<label>$LOCALIZE[19012]:</label>
		</control>
		<control type="label">
			<description>Backend value</description>
			<left>250</left>
			<top>35</top>
			<width>550</width>
			<height>22</height>
			<label>$INFO[PVR.ActStreamClient]</label>
			<textcolor>TextColor2</textcolor>
		</control>
		<control type="label">
			<description>Device</description>
			<left>50</left>
			<top>60</top>
			<width>310</width>
			<height>22</height>
			<label>$LOCALIZE[19006]:</label>
		</control>
		<control type="label">
			<description>Device value</description>
			<left>250</left>
			<top>60</top>
			<width>350</width>
			<height>22</height>
			<label>$INFO[PVR.ActStreamDevice]</label>
			<textcolor>TextColor2</textcolor>
		</control>
		<control type="label">
			<description>Status</description>
			<left>50</left>
			<top>85</top>
			<width>310</width>
			<height>22</height>
			<label>$LOCALIZE[19007]:</label>
		</control>
		<control type="label">
			<description>Status value</description>
			<left>250</left>
			<top>85</top>
			<width>350</width>
			<height>22</height>
			<label>$INFO[PVR.ActStreamStatus]</label>
			<textcolor>TextColor2</textcolor>
		</control>
		<control type="label">
			<description>Signal</description>
			<left>50</left>
			<top>110</top>
			<width>310</width>
			<height>22</height>
			<label>$LOCALIZE[19008]:</label>
		</control>
		<control type="progress">
			<description>Progressbar</description>
			<left>250</left>
			<top>115</top>
			<width>275</width>
			<height>14</height>
			<info>PVR.ActStreamProgrSignal</info>
		</control>
		<control type="label">
			<description>Signal value</description>
			<left>535</left>
			<top>110</top>
			<width>180</width>
			<height>22</height>
			<label>$INFO[PVR.ActStreamSignal]</label>
			<textcolor>TextColor2</textcolor>
		</control>
		<control type="label">
			<description>SNR</description>
			<left>50</left>
			<top>135</top>
			<width>310</width>
			<height>22</height>
			<label>$LOCALIZE[19009]:</label>
		</control>
		<control type="progress">
			<description>Progressbar</description>
			<left>250</left>
			<top>140</top>
			<width>275</width>
			<height>14</height>
			<overlaytexture>-</overlaytexture>
			<info>PVR.ActStreamProgrSNR</info>
		</control>
		<control type="label">
			<description>SNR value</description>
			<left>535</left>
			<top>135</top>
			<width>180</width>
			<height>22</height>
			<label>$INFO[PVR.ActStreamSNR]</label>
			<textcolor>TextColor2</textcolor>
		</control>
		<control type="label">
			<description>BER</description>
			<left>50</left>
			<top>160</top>
			<width>310</width>
			<height>22</height>
			<label>$LOCALIZE[19010]:</label>
		</control>
		<control type="label">
			<description>BER value</description>
			<left>250</left>
			<top>160</top>
			<width>350</width>
			<height>22</height>
			<label>$INFO[PVR.ActStreamBER]</label>
			<textcolor>TextColor2</textcolor>
		</control>
		<control type="label">
			<description>UNC</description>
			<left>50</left>
			<top>185</top>
			<width>310</width>
			<height>22</height>
			<label>$LOCALIZE[19011]:</label>
		</control>
		<control type="label">
			<description>UNC value</description>
			<left>250</left>
			<top>185</top>
			<width>350</width>
			<height>22</height>
			<label>$INFO[PVR.ActStreamUNC]</label>
			<textcolor>TextColor2</textcolor>
		</control>
		
	</control>
	<control type="group"><!-- pvr codecinfo -->
		<left>610</left>
		<top>20</top>
		<visible>VideoPlayer.Content(LiveTV) + !String.StartsWith(PVR.ActStreamClient,IPTV)</visible>
		<height>200</height>
		<visible>Control.HasFocus(5552)</visible>
		<control type="label">
			<description>Service</description>
			<left>50</left>
			<top>35</top>
			<width>310</width>
			<height>22</height>
			<label>$LOCALIZE[19099]:</label>
		</control>
		<control type="label">
			<description>Service value</description>
			<left>250</left>
			<top>35</top>
			<width>350</width>
			<height>22</height>
			<label>$INFO[PVR.ActStreamServiceName]</label>
			<textcolor>TextColor2</textcolor>
		</control>
		<control type="label">
			<description>Encryption</description>
			<left>50</left>
			<top>60</top>
			<width>310</width>
			<height>22</height>
			<label>$LOCALIZE[19015]:</label>
		</control>
		<control type="label">
			<description>Encryption value</description>
			<left>250</left>
			<top>60</top>
			<width>350</width>
			<height>22</height>
			<label>$INFO[PVR.ActStreamEncryptionName]</label>
			<textcolor>TextColor2</textcolor>
		</control>
		<control type="label">
			<description>Provider</description>
			<left>50</left>
			<top>85</top>
			<width>310</width>
			<height>22</height>
			<label>$LOCALIZE[19101]:</label>
		</control>
		<control type="label">
			<description>Provider value</description>
			<left>250</left>
			<top>85</top>
			<width>350</width>
			<height>22</height>
			<label>$INFO[PVR.ActStreamProviderName]</label>
			<textcolor>TextColor2</textcolor>
		</control>
		<control type="label">
			<description>Mux</description>
			<left>50</left>
			<top>110</top>
			<width>310</width>
			<height>22</height>
			<label>$LOCALIZE[19100]:</label>
		</control>
		<control type="label">
			<description>Mux value</description>
			<left>250</left>
			<top>110</top>
			<width>350</width>
			<height>22</height>
			<label>$INFO[PVR.ActStreamMux]</label>
			<textcolor>TextColor2</textcolor>
		</control>
		<control type="label">
			<description>BitRate</description>
			<left>50</left>
			<top>135</top>
			<width>310</width>
			<height>22</height>
			<label>$LOCALIZE[623]:</label>
		</control>
		<control type="progress">
			<description>Progressbar</description>
			<left>250</left>
			<top>140</top>
			<width>275</width>
			<height>14</height>
			<overlaytexture>-</overlaytexture>
			<info>Pvr.ActStreamVideoBitRate</info>
		</control>
		<control type="label">
			<description>BitRate value</description>
			<left>535</left>
			<top>135</top>
			<width>180</width>
			<height>22</height>
			<label>$INFO[Pvr.ActStreamVideoBitRate]</label>
			<textcolor>TextColor2</textcolor>
		</control>
		<control type="label">
			<description>Memory</description>
			<left>50</left>
			<top>160</top>
			<width>250</width>
			<height>22</height>
			<label>$LOCALIZE[31985]:</label>
		</control>
		<control type="progress">
			<description>Progressbar</description>
			<left>250</left>
			<top>165</top>
			<width>275</width>
			<height>14</height>
			<midtexture colordiffuse="$VAR[AC_value_progresscolor]">dialogs/progress/progress_mid_big.png</midtexture>
			<lefttexture colordiffuse="$VAR[AC_value_progresscolor]">dialogs/progress/progress_mid_big.png</lefttexture>
			<righttexture colordiffuse="$VAR[AC_value_progresscolor]">dialogs/progress/progress_mid_big.png</righttexture>
			<info>System.Memory(used)</info>
		</control>
		<control type="label">
			<description>Memory value</description>
			<left>535</left>
			<top>160</top>
			<width>180</width>
			<height>22</height>
			<label>$INFO[System.Memory(used.percent)]</label>
			<textcolor>TextColor2</textcolor>
		</control>
	</control>
</control>
</controls>
</window>
