<?xml version="1.0" encoding="UTF-8"?>
<addon id="skin.AeonFlex" version="2.0.0" name="AeonFlex" provider-name="Pacoma/Marc0810">
	<requires>
		<import addon="xbmc.gui" version="5.12.0"/>
		<import addon="script.skinshortcuts" version="1.0.10"/>
	  </requires>
	<extension point="xbmc.gui.skin" defaultthemename="textures.xbt" debugging="false" effectslowdown="1.0">
		<res width="1280" height="720" aspect="16:9" default="true" folder="720p" />
	</extension>
	<extension point="xbmc.addon.metadata">
		<summary lang="de">AeonFlex von Pacoma und Marc0810, Version 2.0.0</summary>
		<platform>all</platform>
		<assets>
			<icon>resources/icon.png</icon>
			<fanart>resources/fanart.jpg</fanart>
			<screenshot>extras\skinsettings\appearance.jpg</screenshot>
			<screenshot>extras\skinsettings\artworkaddons.jpg</screenshot>
			<screenshot>extras\skinsettings\farben.jpg</screenshot>
			<screenshot>extras\skinsettings\helferscript.jpg</screenshot>
			<screenshot>extras\skinsettings\home.jpg</screenshot>
			<screenshot>extras\skinsettings\programme.jpg</screenshot>
			<screenshot>extras\skinsettings\statusmarkierungen.jpg</screenshot>
			<screenshot>extras\skinsettings\zusatzfeatures.jpg</screenshot>
		</assets>
	</extension>
	<language>de</language>
	<license>Creative Commons Attribution-Share Alike 3.0 United States</license>
</addon>
