<?xml version="1.0" encoding="UTF-8"?>
<window type="dialog" id="1115">
<defaultcontrol always="true">9000</defaultcontrol>
<onunload>ClearProperty(CustomMainslotIcon,1110)</onunload>
<onunload>ClearProperty(CustomPlaylistWidgetselector,1110)</onunload>
<controls>
<include condition="!String.IsEmpty(Window(1110).Property(CustomMainslotIcon))">background_selection</include>
<include condition="!String.IsEmpty(Window(1110).Property(CustomPlaylistWidgetselector))">widget_selector</include>

</controls>
</window>



