<?xml version="1.0" encoding="UTF-8"?><!-- flex 2.0 -->
<window>
<defaultcontrol always="true">300</defaultcontrol>
<controls>
<control type="group">
	<include>animation_dialog_popup</include>
	<visible>!Window.IsVisible(numericinput)</visible>
	<left>278</left>
	<top>210</top>
	<include content="global_dialog_mid_bg">
		<param name="global_dialog_mid_bg-left" value="0" />
		<param name="global_dialog_mid_bg-width" value="734" />
		<param name="global_dialog_mid_bg-innerwidth" value="724" />
		<param name="global_dialog_mid_bg-height" value="350" />
		<param name="global_dialog_mid_bg-headerlabel" value="-" />
		<param name="global_dialog_mid_headerid" value="311" />
	</include>
	<control type="group" id="5000">
		<left>0</left>
		<top>43</top>
		<control type="grouplist" id="5001"><!-- Erste Zeile -->
			<align>left</align>
			<width>840</width>
			<itemgap>2</itemgap>
			<description>Erste Zeile - Zahlen und Sonderzeichen</description>
			<orientation>horizontal</orientation>
			<control type="radiobutton" id="304">
				<description>Symbole</description>
				<label>@#!*</label>
				<include>dialog_doublekey</include>
				<radioleft>0</radioleft>
				<radiotop>0</radiotop>
				<radiowidth>100</radiowidth>
				<radioheight>50</radioheight>
				<onup>312</onup>
				<ondown>302</ondown>
				<textureradioonfocus>dialogs/keyboard/radio-on_3.png</textureradioonfocus>
				<textureradioofffocus colordiffuse="TextColorFocus">dialogs/keyboard/radio-off_3.png</textureradioofffocus>
				<textureradioonnofocus>dialogs/keyboard/radio-on_3.png</textureradioonnofocus>
				<textureradiooffnofocus colordiffuse="TextColor1">dialogs/keyboard/radio-off_3.png</textureradiooffnofocus>
			</control>
			<control type="button" id="100">
				<description>(0,0) Taste</description>
				<include>dialog_key</include>
				<onup>312</onup>
				<ondown>120</ondown>
			</control>
			<control type="button" id="101">
				<description>(0,1) Taste</description>
				<include>dialog_key</include>
				<onup>312</onup>
				<ondown>121</ondown>
			</control>
			<control type="button" id="102">
				<description>(0,2) Taste</description>
				<include>dialog_key</include>
				<onup>312</onup>
				<ondown>122</ondown>
			</control>
			<control type="button" id="103">
				<description>(0,3) Taste</description>
				<include>dialog_key</include>
				<onup>312</onup>
				<ondown>123</ondown>
			</control>
			<control type="button" id="104">
				<description>(0,4) Taste</description>
				<include>dialog_key</include>
				<onup>312</onup>
				<ondown>124</ondown>
			</control>
			<control type="button" id="105">
				<description>(0,5) Taste</description>
				<include>dialog_key</include>
				<onup>312</onup>
				<ondown>125</ondown>
			</control>
			<control type="button" id="106">
				<description>(0,6) Taste</description>
				<include>dialog_key</include>
				<onup>312</onup>
				<ondown>126</ondown>
			</control>
			<control type="button" id="107">
				<description>(0,7) Taste</description>
				<include>dialog_key</include>
				<onup>312</onup>
				<ondown>127</ondown>
			</control>
			<control type="button" id="108">
				<description>(0,8) Taste</description>
				<include>dialog_key</include>
				<onup>312</onup>
				<ondown>128</ondown>
			</control>
			<control type="button" id="109">
				<description>(0,9) Taste</description>
				<include>dialog_key</include>
				<onup>312</onup>
				<ondown>129</ondown>
			</control>
			<control type="button" id="110">
				<description>(0,10) Taste</description>
				<include>dialog_key</include>
				<onup>312</onup>
				<ondown>130</ondown>
			</control>
			<control type="button" id="111">
				<description>(0,11) Taste</description>
				<include>dialog_key</include>
				<onup>312</onup>
				<ondown>131</ondown>
			</control>
			<control type="image" id="2000">
				<description>fake item 1</description>
				<include>dialog_key</include>
				<visible>!Integer.IsGreater(Container(5001).NumItems,9)</visible>
			</control>
			<control type="image" id="2001">
				<description>fake item 2</description>
				<include>dialog_key</include>
				<visible>!Integer.IsGreater(Container(5001).NumItems,10)</visible>
			</control>
			<control type="image" id="2002">
				<description>fake item 3</description>
				<include>dialog_key</include>
				<visible>!Integer.IsGreater(Container(5001).NumItems,11)</visible>
			</control>
			<control type="image" id="2003">
				<description>fake item 4</description>
				<include>dialog_key</include>
				<visible>!Integer.IsGreater(Container(5001).NumItems,12)</visible>
			</control>
		</control>
		<control type="grouplist" id="5002"><!-- Zweite Zeile -->
			<top>51</top>
			<align>left</align>
			<width>840</width>
			<itemgap>2</itemgap>
			<onup>5001</onup>
			<ondown>5003</ondown>
			<onleft>5002</onleft>
			<onright>5002</onright>
			<orientation>horizontal</orientation>
			<control type="radiobutton" id="302">
				<description>SHIFT Taste</description>
				<label>-</label>
				<include>dialog_doublekey</include>
				<radioleft>0</radioleft>
				<radiotop>0</radiotop>
				<radiowidth>100</radiowidth>
				<radioheight>50</radioheight>
				<onup>304</onup>
				<ondown>303</ondown>
				<textureradioonfocus>dialogs/keyboard/radio-on_2.png</textureradioonfocus>
				<textureradioofffocus colordiffuse="TextColorFocus">dialogs/keyboard/radio-off_2.png</textureradioofffocus>
				<textureradioonnofocus>dialogs/keyboard/radio-on_2.png</textureradioonnofocus>
				<textureradiooffnofocus colordiffuse="TextColor1">dialogs/keyboard/radio-off_2.png</textureradiooffnofocus>
			</control>
			<control type="button" id="120">
				<description>(1,0) Taste</description>
				<include>dialog_key</include>
				<onup>100</onup>
				<ondown>140</ondown>
			</control>
			<control type="button" id="121">
				<description>(1,1) Taste</description>
				<include>dialog_key</include>
				<onup>101</onup>
				<ondown>141</ondown>
			</control>
			<control type="button" id="122">
				<description>(1,2) Taste</description>
				<include>dialog_key</include>
				<onup>102</onup>
				<ondown>142</ondown>
			</control>
			<control type="button" id="123">
				<description>(1,3) Taste</description>
				<include>dialog_key</include>
				<onup>103</onup>
				<ondown>143</ondown>
			</control>
			<control type="button" id="124">
				<description>(1,4) Taste</description>
				<include>dialog_key</include>
				<onup>104</onup>
				<ondown>144</ondown>
			</control>
			<control type="button" id="125">
				<description>(1,5) Taste</description>
				<include>dialog_key</include>
				<onup>105</onup>
				<ondown>145</ondown>
			</control>
			<control type="button" id="126">
				<description>(1,6) Taste</description>
				<include>dialog_key</include>
				<onup>106</onup>
				<ondown>146</ondown>
			</control>
			<control type="button" id="127">
				<description>(1,7) Taste</description>
				<include>dialog_key</include>
				<onup>107</onup>
				<ondown>147</ondown>
			</control>
			<control type="button" id="128">
				<description>(1,8) Taste</description>
				<include>dialog_key</include>
				<onup>108</onup>
				<ondown>148</ondown>
			</control>
			<control type="button" id="129">
				<description>(1,9) Taste</description>
				<include>dialog_key</include>
				<onup>109</onup>
				<ondown>149</ondown>
			</control>
			<control type="button" id="130">
				<description>(1,10) Taste</description>
				<include>dialog_key</include>
				<onup>110</onup>
				<ondown>150</ondown>
			</control>
			<control type="button" id="131">
				<description>(1,11) Taste</description>
				<include>dialog_key</include>
				<onup>111</onup>
				<ondown>151</ondown>
			</control>
			<control type="image">
				<description>fake item 1</description>
				<include>dialog_key</include>
				<visible>!Integer.IsGreater(Container(5002).NumItems,9)</visible>
			</control>
			<control type="image">
				<description>fake item 2</description>
				<include>dialog_key</include>
				<visible>!Integer.IsGreater(Container(5002).NumItems,10)</visible>
			</control>
			<control type="image">
				<description>fake item 3</description>
				<include>dialog_key</include>
				<visible>!Integer.IsGreater(Container(5002).NumItems,11)</visible>
			</control>
			<control type="image">
				<description>fake item 4</description>
				<include>dialog_key</include>
				<visible>!Integer.IsGreater(Container(5002).NumItems,12)</visible>
			</control>
		</control>
		<control type="grouplist" id="5003"><!-- Dritte zeile -->
			<top>102</top>
			<width>840</width>
			<align>left</align>
			<itemgap>2</itemgap>
			<orientation>horizontal</orientation>
			<control type="radiobutton" id="303">
				<description>CAPS LOCK Taste</description>
				<label>-</label>
				<include>dialog_doublekey</include>
				<radioleft>0</radioleft>
				<radiotop>0</radiotop>
				<radiowidth>100</radiowidth>
				<radioheight>50</radioheight>
				<onup>302</onup>
				<ondown>307</ondown>
				<onleft>151</onleft>
				<onright>140</onright>
				<textureradioonfocus>dialogs/keyboard/radio-on_caps.png</textureradioonfocus>
				<textureradioofffocus colordiffuse="TextColorFocus">dialogs/keyboard/radio-off_caps.png</textureradioofffocus>
				<textureradioonnofocus>dialogs/keyboard/radio-on_caps.png</textureradioonnofocus>
				<textureradiooffnofocus colordiffuse="TextColor1">dialogs/keyboard/radio-off_caps.png</textureradiooffnofocus>
			</control>
			<control type="button" id="140">
				<description>(1,0) Taste</description>
				<include>dialog_key</include>
				<onup>120</onup>
				<ondown>160</ondown>
			</control>
			<control type="button" id="141">
				<description>(1,1) Taste</description>
				<include>dialog_key</include>
				<onup>121</onup>
				<ondown>161</ondown>
			</control>
			<control type="button" id="142">
				<description>(1,2) Taste</description>
				<include>dialog_key</include>
				<onup>122</onup>
				<ondown>162</ondown>
			</control>
			<control type="button" id="143">
				<description>(1,3) Taste</description>
				<include>dialog_key</include>
				<onup>123</onup>
				<ondown>163</ondown>
			</control>
			<control type="button" id="144">
				<description>(1,4) Taste</description>
				<include>dialog_key</include>
				<onup>124</onup>
				<ondown>164</ondown>
			</control>
			<control type="button" id="145">
				<description>(1,5) Taste</description>
				<include>dialog_key</include>
				<onup>125</onup>
				<ondown>165</ondown>
			</control>
			<control type="button" id="146">
				<description>(1,6) Taste</description>
				<include>dialog_key</include>
				<onup>126</onup>
				<ondown>166</ondown>
			</control>
			<control type="button" id="147">
				<description>(1,7) Taste</description>
				<include>dialog_key</include>
				<onup>127</onup>
				<ondown>167</ondown>
			</control>
			<control type="button" id="148">
				<description>(1,8) Taste</description>
				<include>dialog_key</include>
				<onup>128</onup>
				<ondown>168</ondown>
			</control>
			<control type="button" id="149">
				<description>(1,9) Taste</description>
				<include>dialog_key</include>
				<onup>129</onup>
				<ondown>169</ondown>
			</control>
			<control type="button" id="150">
				<description>(1,10) Taste</description>
				<include>dialog_key</include>
				<onup>130</onup>
				<ondown>170</ondown>
			</control>
			<control type="button" id="151">
				<description>(1,11) Taste</description>
				<include>dialog_key</include>
				<onup>131</onup>
				<ondown>171</ondown>
			</control>
			<control type="image">
				<description>fake item 1</description>
				<include>dialog_key</include>
				<visible>!Integer.IsGreater(Container(5003).NumItems,9)</visible>
			</control>
			<control type="image">
				<description>fake item 2</description>
				<include>dialog_key</include>
				<visible>!Integer.IsGreater(Container(5003).NumItems,10)</visible>
			</control>
			<control type="image">
				<description>fake item 3</description>
				<include>dialog_key</include>
				<visible>!Integer.IsGreater(Container(5003).NumItems,11)</visible>
			</control>
			<control type="image">
				<description>fake item 4</description>
				<include>dialog_key</include>
				<visible>!Integer.IsGreater(Container(5003).NumItems,12)</visible>
			</control>
		</control>
		<control type="grouplist" id="5004"><!-- Vierte Zeile -->
			<top>153</top>
			<width>840</width>
			<align>left</align>
			<itemgap>2</itemgap>
			<orientation>horizontal</orientation>
			<control type="button" id="307">
				<description>IP Adresse Taste</description>
				<label>IP</label>
				<include>dialog_doublekey</include>
				<onup>303</onup>
				<ondown>305</ondown>
				<onleft>171</onleft>
				<onright>160</onright>
			</control>
			<control type="button" id="160">
				<description>(1,0) Taste</description>
				<include>dialog_key</include>
				<onup>140</onup>
				<ondown>306</ondown>
			</control>
			<control type="button" id="161">
				<description>(1,1) Taste</description>
				<include>dialog_key</include>
				<onup>141</onup>
				<ondown>306</ondown>
			</control>
			<control type="button" id="162">
				<description>(1,2) Taste</description>
				<include>dialog_key</include>
				<onup>142</onup>
				<ondown>32</ondown>
			</control>
			<control type="button" id="163">
				<description>(1,3) Taste</description>
				<include>dialog_key</include>
				<onup>143</onup>
				<ondown>32</ondown>
			</control>
			<control type="button" id="164">
				<description>(1,4) Taste</description>
				<include>dialog_key</include>
				<onup>144</onup>
				<ondown>32</ondown>
			</control>
			<control type="button" id="165">
				<description>(1,5) Taste</description>
				<include>dialog_key</include>
				<onup>145</onup>
				<ondown>32</ondown>
			</control>
			<control type="button" id="166">
				<description>(1,6) Taste</description>
				<include>dialog_key</include>
				<onup>146</onup>
				<ondown>32</ondown>
			</control>
			<control type="button" id="167">
				<description>(1,7) Taste</description>
				<include>dialog_key</include>
				<onup>147</onup>
				<ondown>300</ondown>
			</control>
			<control type="button" id="168">
				<description>(1,8) Taste</description>
				<include>dialog_key</include>
				<onup>148</onup>
				<ondown>300</ondown>
			</control>
			<control type="button" id="169">
				<description>(1,9) Taste</description>
				<include>dialog_key</include>
				<onup>149</onup>
				<ondown>8</ondown>
			</control>
			<control type="button" id="170">
				<description>(1,10) Taste</description>
				<include>dialog_key</include>
				<onup>150</onup>
				<ondown>309</ondown>
			</control>
			<control type="button" id="171">
				<description>(1,11) Taste</description>
				<include>dialog_key</include>
				<onup>151</onup>
				<ondown>309</ondown>
			</control>
			<control type="image">
				<description>fake item 1</description>
				<include>dialog_key</include>
				<visible>!Integer.IsGreater(Container(5004).NumItems,3)</visible>
			</control>
			<control type="image">
				<description>fake item 1</description>
				<include>dialog_key</include>
				<visible>!Integer.IsGreater(Container(5004).NumItems,4)</visible>
			</control>
			<control type="image">
				<description>fake item 1</description>
				<include>dialog_key</include>
				<visible>!Integer.IsGreater(Container(5004).NumItems,5)</visible>
			</control>
			<control type="image">
				<description>fake item 1</description>
				<include>dialog_key</include>
				<visible>!Integer.IsGreater(Container(5004).NumItems,6)</visible>
			</control>
			<control type="image">
				<description>fake item 1</description>
				<include>dialog_key</include>
				<visible>!Integer.IsGreater(Container(5004).NumItems,7)</visible>
			</control>
			<control type="image">
				<description>fake item 1</description>
				<include>dialog_key</include>
				<visible>!Integer.IsGreater(Container(5004).NumItems,8)</visible>
			</control>
			<control type="image">
				<description>fake item 1</description>
				<include>dialog_key</include>
				<visible>!Integer.IsGreater(Container(5004).NumItems,9)</visible>
			</control>
			<control type="image">
				<description>fake item 2</description>
				<include>dialog_key</include>
				<visible>!Integer.IsGreater(Container(5004).NumItems,10)</visible>
			</control>
			<control type="image">
				<description>fake item 3</description>
				<include>dialog_key</include>
				<visible>!Integer.IsGreater(Container(5004).NumItems,11)</visible>
			</control>
			<control type="image">
				<description>fake item 4</description>
				<include>dialog_key</include>
				<visible>!Integer.IsGreater(Container(5004).NumItems,12)</visible>
			</control>
		</control>
		<control type="grouplist" id="5005"><!-- Fuenfte Zeile -->
			<top>204</top>
			<width>840</width>
			<align>left</align>
			<itemgap>2</itemgap>
			<orientation>horizontal</orientation>
			<control type="radiobutton" id="305">
				<description>nach links Taste</description>
				<radioleft>0</radioleft>
				<radiotop>0</radiotop>
				<radiowidth>100</radiowidth>
				<radioheight>50</radioheight>
				<include>dialog_doublekey</include>
				<onup>307</onup>
				<ondown>312</ondown>
				<textureradioonfocus>dialogs/keyboard/larr.png</textureradioonfocus>
				<textureradioofffocus colordiffuse="TextColorFocus">dialogs/keyboard/larr.png</textureradioofffocus>
				<textureradioonnofocus>dialogs/keyboard/larr.png</textureradioonnofocus>
				<textureradiooffnofocus colordiffuse="TextColor1">dialogs/keyboard/larr.png</textureradiooffnofocus>
			</control>
			<control type="radiobutton" id="306">
				<description>nach rechts Taste</description>
				<left>120</left>
				<radioleft>0</radioleft>
				<radiotop>0</radiotop>
				<radiowidth>100</radiowidth>
				<radioheight>50</radioheight>
				<width>102</width>
				<onup>160</onup>
				<ondown>312</ondown>
				<include>dialog_doublekey</include>
				<textureradioonfocus>dialogs/keyboard/rarr.png</textureradioonfocus>
				<textureradioofffocus colordiffuse="TextColorFocus">dialogs/keyboard/rarr.png</textureradioofffocus>
				<textureradioonnofocus>dialogs/keyboard/rarr.png</textureradioonnofocus>
				<textureradiooffnofocus colordiffuse="TextColor1">dialogs/keyboard/rarr.png</textureradiooffnofocus>
			</control>
			<control type="radiobutton" id="32">
				<description>Leertaste</description>
				<radioleft>0</radioleft>
				<radiotop>0</radiotop>
				<radiowidth>300</radiowidth>
				<radioheight>50</radioheight>
				<width>310</width>
				<onup>165</onup>
				<ondown>312</ondown>
				<include>dialog_doublekey</include>
				<textureradioonfocus>dialogs/keyboard/space.png</textureradioonfocus>
				<textureradioofffocus colordiffuse="TextColorFocus">dialogs/keyboard/space.png</textureradioofffocus>
				<textureradioonnofocus>dialogs/keyboard/space.png</textureradioonnofocus>
				<textureradiooffnofocus colordiffuse="TextColor1">dialogs/keyboard/space.png</textureradiooffnofocus>
			</control>
			<control type="radiobutton" id="300">
				<description>enter</description>
				<include>dialog_key</include>
				<radiowidth>50</radiowidth>
				<radioheight>50</radioheight>
				<onup condition="String.IsEqual(Container(5004).NumItems,3)">162</onup>
				<onup condition="String.IsEqual(Container(5004).NumItems,4)">162</onup>
				<onup condition="String.IsEqual(Container(5004).NumItems,5)">163</onup>
				<onup condition="String.IsEqual(Container(5004).NumItems,6)">164</onup>
				<onup condition="String.IsEqual(Container(5004).NumItems,7)">165</onup>
				<onup condition="String.IsEqual(Container(5004).NumItems,8)">166</onup>
				<onup condition="String.IsEqual(Container(5004).NumItems,9)">167</onup>
				<onup condition="String.IsEqual(Container(5004).NumItems,10)">168</onup>
				<ondown>312</ondown>
				<textureradioonfocus colordiffuse="TextColorFocus">dialogs/keyboard/done.png</textureradioonfocus>
				<textureradioofffocus colordiffuse="TextColorFocus">dialogs/keyboard/done.png</textureradioofffocus>
				<textureradioonnofocus colordiffuse="TextColor1">dialogs/keyboard/done.png</textureradioonnofocus>
				<textureradiooffnofocus colordiffuse="TextColor1">dialogs/keyboard/done.png</textureradiooffnofocus>
			</control>
			<control type="radiobutton" id="8">
				<description>:DEL: button</description>
				<label>-</label>
				<include>dialog_key</include>
				<radiowidth>50</radiowidth>
				<radioheight>50</radioheight>
				<onup>167</onup>
				<ondown>312</ondown>
				<textureradioonfocus colordiffuse="TextColorFocus">dialogs/keyboard/radio-backspace.png</textureradioonfocus>
				<textureradioofffocus colordiffuse="TextColorFocus">dialogs/keyboard/radio-backspace.png</textureradioofffocus>
				<textureradioonnofocus colordiffuse="TextColor1">dialogs/keyboard/radio-backspace.png</textureradioonnofocus>
				<textureradiooffnofocus colordiffuse="TextColor1">dialogs/keyboard/radio-backspace.png</textureradiooffnofocus>
			</control>
			<control type="button" id="309">
				<description>Quartz Taste</description>
				<font>RegularSmall</font>
				<wrapmultiline>true</wrapmultiline>
				<textoffsetx>3</textoffsetx>
				<width>102</width>
				<onup>167</onup>
				<ondown>312</ondown>
				<include>dialog_doublekey</include>
			</control>
		</control>
		<control type="edit" id="312"><!-- eingabetext -->
			<description>Edit Text</description>
			<top>257</top>
			<width>724</width>
			<height>40</height>
			<font>RegularLarge</font>
			<align>center</align>
			<aligny>center</aligny>
			<onleft>5005</onleft>
			<onright>5005</onright>
			<onup>5005</onup>
			<textcolor>TextColorFocus</textcolor>
			<focusedcolor>TextColorFocus</focusedcolor>
			<texturefocus colordiffuse="ACSkinColor">backgrounds/background-titles.png</texturefocus>
			<texturenofocus colordiffuse="ACSkinColor">backgrounds/background-titles.png</texturenofocus>
		</control>
	</control>
</control>
</controls>
</window>
