<?xml version="1.0" encoding="UTF-8"?><!-- flex 2.0 -->
<window>
<controls>
<control type="progress" id="20">
	<include>dialog_progress</include>
	<info>Player.Volume</info>
	<left>-100</left>
	<top>-100</top>
	<width>90</width>
	<height>11</height>
	<visible>false</visible>
</control>
<control type="group"><!-- !muted -->
	<visible>![Player.Muted | Window.IsVisible(DialogConfirm.xml) | Window.IsVisible(extendedprogressdialog) | Window.IsVisible(DialogNotification.xml)]</visible>
	<include>animation_topdialog_popup</include>
	<include>dialog_bar</include>
	<control type="progress" id="32">
		<info>Player.Volume</info>
		<include>dialog_progress</include>
	</control>
	<control type="label">
		<include content="dialog_label1">
			<param name="DialogHeaderLabel1" value="$LOCALIZE[13376] | $LOCALIZE[29802]" />
		</include>
		<visible>player.passthrough</visible>
	</control>
	<control type="label">
		<include content="dialog_label1">
			<param name="DialogHeaderLabel1" value="$LOCALIZE[13376]" />
		</include>
		<visible>!player.passthrough</visible>
	</control>
	<control type="label">
		<include content="dialog_label2">
			<param name="DialogHeaderLabel2" value="$INFO[Control.GetLabel(32),,%]" />
		</include>
	</control>
</control>
<control type="group">
	<left>426</left>
	<top>-1</top>
	<control type="progress" id="230">
		<description>Progressbar</description>
		<include>Hiddencontrol</include>
		<info>Player.Progress</info>
	</control>
	<visible>Player.Muted + Window.IsVisible(fullscreenvideo) + ![Window.IsVisible(DialogConfirm.xml) | Window.IsVisible(extendedprogressdialog) | Window.IsVisible(DialogNotification.xml) | Window.IsActive(seekbar)]</visible>
	<animation effect="fade" start="100" end="0" time="0" condition="!VideoPlayer.Content(LiveTV) + !Window.IsActive(seekbar) + !Integer.IsGreater(VideoPlayer.Time,10) + Player.Playing + !Skin.HasSetting(StillwatchingOSDoverlay)">Conditional</animation>
	<animation effect="fade" start="100" end="0" time="0" condition="Window.IsVisible(Custom_1113_Settings_Dialogs.xml)">Conditional</animation>
	<animation effect="slide" start="0,-70" end="0,0" time="280" easing="inout" tween="cubic">WindowOpen</animation>
	<animation effect="slide" start="0,-70" end="0,0" time="280" easing="inout" tween="cubic">Visible</animation>
	<animation effect="fade" start="100" end="0" time="300">WindowClose</animation>
	<animation effect="slide" start="0,0" end="0,-70" time="300" easing="inout" tween="cubic">Hidden</animation>
	<control type="image">
		<width>442</width>
		<height>60</height>
		<texture colordiffuse="$VAR[AC_value_shadow_color]">backgrounds/bar-shadow.png</texture>
	</control>
	<control type="image">
		<width>442</width>
		<height>60</height>
		<texture colordiffuse="ACBackgroundColor">backgrounds/bar.png</texture>
	</control>
	<control type="group"><!-- progress kreis -->
		<left>70</left>
		<top>6</top>
		<width>50</width>
		<height>50</height>
		<control type="label">
			<width>auto</width>
			<height>36</height>
			<textcolor>TextColor3</textcolor>
			<font>Seekbar-progressicon</font>
			<label>Ņ</label>
		</control>
		<control type="label">
			<width>auto</width>
			<height>36</height>
			<textcolor>ACSkinColor</textcolor>
			<font>Seekbar-progressicon</font>
			<label>$VAR[value_playerprogressicon]</label>
		</control>
		<control type="label">
			<left>12</left>
			<width>40</width>
			<height>40</height>
			<align>center</align>
			<textcolor>ACSkinColor</textcolor>
			<font>Breadcumb-topbar</font>
			<label>Ÿ</label>
		</control>
	</control>
	<control type="label">
		<description>titel</description>
		<left>135</left>
		<top>7</top>
		<width>270</width>
		<height>20</height>
		<font>SemiLarge</font>
		<label>$LOCALIZE[13376]</label>
	</control>
	<control type="label">
		<description>subtitle</description>
		<left>135</left>
		<top>28</top>
		<width>240</width>
		<height>20</height>
		<label>$INFO[Control.GetLabel(32),,%]</label>
	</control>
</control>
</controls>
</window>