<?xml version="1.0" encoding="UTF-8"?><!-- flex 2.0 -->
<window type="dialog">
<defaultcontrol always="true">450</defaultcontrol>
<menucontrol>8999</menucontrol>
<coordinates>
	<system>1</system>
	<left>0</left>
	<top>0</top>
</coordinates>
<controls>
<include>CommonBackground</include>
<include>menucontrol</include>
<include>global_topbar_multidata</include>
<control type="group">
	<control type="group"><!-- right group artwork -->
		<left>855</left>
		<top>75</top>
		<visible>!Window.IsVisible(shutdownmenu) + !Window.IsVisible(Custom_1120_Quicknavmenue.xml)</visible>
		<animation effect="slide" start="855,0" end="0,0" time="600" tween="cubic" easing="out">WindowOpen</animation>
		<animation effect="slide" start="0,0" end="855,0" time="600" tween="cubic" easing="out">WindowClose</animation>
		<animation effect="slide" start="800,0" end="0,0" time="600" tween="cubic" easing="out">Visible</animation>
		<animation effect="slide" start="0,0" end="855,0" time="600" tween="cubic" easing="out">Hidden</animation>
		<control type="image">
			<description>schatten oben</description>
			<left>0</left>
			<top>-8</top>
			<width>425</width>
			<include>global_topshadow8</include>
		</control>
		<control type="image">
			<description>Background bottom</description>
			<top>389</top>
			<width>425</width>
			<height>267</height>
			<texture>White.png</texture>
			<colordiffuse>ACBackgroundColor</colordiffuse>
		</control>
		<control type="image">
			<description>Background top</description>
			<width>425</width>
			<height>389</height>
			<texture>White.png</texture>
			<colordiffuse>ACBackgroundColor_light</colordiffuse>
		</control>
		<control type="group">
			<left>55</left>
			<top>39</top>
			<include>animation_vhoc_fade</include>
			<control type="image">
				<top>340</top>
				<width>320</width>
				<height>320</height>
				<bordersize>10</bordersize>
				<aspectratio align="center" aligny="top">keep</aspectratio>
				<texture flipy="true" fallback="DefaultFile.png" diffuse="borders/poster-reflect.png" background="true">$INFO[ListItem.Icon]</texture>
			</control>
			<control type="image">
				<top>40</top>
				<width>320</width>
				<height>320</height>
				<aspectratio align="center" aligny="bottom">keep</aspectratio>
				<texture fallback="DefaultFile.png" background="true">$INFO[ListItem.Icon]</texture>
				<bordertexture border="10" colordiffuse="$VAR[AC_value_shadow_color]">borders/border6.png</bordertexture>
				<bordersize>10</bordersize>
			</control>
		</control>
	</control>
	<control type="group"><!-- left group list-->
		<top>75</top>
		<animation effect="slide" time="600" start="-860,0" end="0,0" tween="cubic" easing="out">WindowOpen</animation>
		<animation effect="slide" time="600" start="0,0" end="-860,0" tween="cubic" easing="out">WindowClose</animation>
		<animation effect="slide" time="600" start="-860,0" end="0,0" tween="cubic" easing="out">Visible</animation>
		<animation effect="slide" time="600" start="0,0" end="-860,0" tween="cubic" easing="out">Hidden</animation>
		<visible>!Window.IsVisible(shutdownmenu) + !Window.IsVisible(Custom_1120_Quicknavmenue.xml)</visible>
		<control type="image">
			<description>schatten oben</description>
			<left>0</left>
			<top>-8</top>
			<width>855</width>
			<include>global_topshadow8</include>
		</control>
		<control type="image">
			<description>Hintergrund</description>
			<width>855</width>
			<height>720</height>
			<include>global_texture_heavy</include>
		</control>
		<control type="image">
			<description>Schatten</description>
			<left>855</left>
			<height>720</height>
			<include>global_texture_border8_rightv</include>
		</control>
		<control type="image">
			<description>hintergrund titel</description>
			<width>855</width>
			<include>global_texture_title</include>
		</control>
		<control type="label">
			<description>titel</description>
			<left>45</left>
			<width>810</width>
			<include>global_label_title</include>
			<label>$LOCALIZE[1036]</label>
		</control>
		<control type="label">
			<description>Numitems</description>
			<left>530</left>
			<top>23</top>
			<width>300</width>
			<height>23</height>
			<align>right</align>
			<textcolor>TextColorFocus</textcolor>
			<label>$LOCALIZE[31001]: $INFO[Container(450).NumItems] - $LOCALIZE[31002]:  $INFO[Container(450).CurrentPage]/$INFO[Container(450).NumPages]</label>
		</control>
		<control type="list" id="450"><!-- List -->
			<viewtype label="Liste">list</viewtype>
			<top>83</top>
			<width>855</width>
			<height>473</height>
			<pagecontrol>80</pagecontrol>
			<onleft>Close</onleft>
			<onright>80</onright>
			<orientation>vertical</orientation>
			<scrolltime>450</scrolltime>
			<preloaditems>2</preloaditems>
			<itemlayout height="40">
				<control type="image">
					<left>10</left>
					<top>39</top>
					<width>835</width>
					<height>1</height>
					<texture colordiffuse="$VAR[AC_value_shadow_color]">backgrounds/line.png</texture>
				</control>
				<control type="label">
					<left>45</left>
					<width>760</width>
					<height>41</height>
					<font>RegularLarge</font>
					<textcolor>TextColor2</textcolor>
					<label>$INFO[ListItem.Label]</label>
				</control>
			</itemlayout>
			<focusedlayout height="40">
				<control type="image">
					<width>855</width>
					<height>41</height>
					<include>global_listfocustexture</include>
					<visible>Control.HasFocus(450)</visible>
				</control>
				<control type="label">
					<left>45</left>
					<width>760</width>
					<height>41</height>
					<font>RegularLarge</font>
					<textcolor>TextColorFocus</textcolor>
					<selectedcolor>TextColorSelectFO</selectedcolor>
					<label>$INFO[ListItem.Label]</label>
					<visible>Control.HasFocus(450)</visible>
				</control>
				<control type="label">
					<left>45</left>
					<width>760</width>
					<height>41</height>
					<font>RegularLarge</font>
					<textcolor>TextColor2</textcolor>
					<label>$INFO[ListItem.Label]</label>
					<visible>!Control.HasFocus(450)</visible>
				</control>
			</focusedlayout>
		</control>
		<control type="scrollbar" id="80">
			<include>scrollbar_vertical</include>
			<left>825</left>
			<top>80</top>
			<height>470</height>
			<onleft>450</onleft>
			<onright>450</onright>
			<visible allowhiddenfocus="true">Control.HasFocus(80)</visible>
		</control>
	</control>
</control>
</controls>
</window>