<?xml version="1.0" encoding="UTF-8"?><!-- flex 2.0 -->
<window>
<defaultcontrol>10</defaultcontrol>
<coordinates>
	<system>1</system>
	<left>0</left>
	<top>0</top>
</coordinates>
<controls>
	<control type="group">
		<left>217</left>
		<top>190</top>
		<width>847</width>
		<height>328</height>
		<include>animation_dialog_popup</include>
		<visible>![Window.isVisible(contentsettings) | Window.isVisible(virtualkeyboard) | Window.isVisible(numericinput) | Window.IsVisible(shutdownmenu)]</visible>
		<control type="group">
			<include content="global_dialog_mid_bg">
				<param name="global_dialog_mid_bg-left" value="0" />
				<param name="global_dialog_mid_bg-width" value="855" />
				<param name="global_dialog_mid_bg-innerwidth" value="682" />
				<param name="global_dialog_mid_bg-height" value="328" />
				<param name="global_dialog_mid_bg-headerlabel" value="$LOCALIZE[1022]" />
				<param name="global_dialog_mid_headerid" value="-" />
			</include>
			<control type="list" id="10"><!-- Contentlist -->
				<top>53</top>
				<width>682</width>
				<height>205</height>
				<onup>12</onup>
				<ondown>12</ondown>
				<onleft>noop</onleft>
				<onright>SetFocus(11)</onright>
				<scrolltime>0</scrolltime>
				<itemlayout height="41">
					<control type="label">
						<width>605</width>
						<height>41</height>
						<textoffsetx>40</textoffsetx>
						<textoffsety>10</textoffsety>
						<textcolor>TextColor2</textcolor>
						<label>$INFO[ListItem.Label]</label>
					</control>
				</itemlayout>
				<focusedlayout height="41">
					<control type="image">
						<width>682</width>
						<height>41</height>
						<include>global_listfocustexture</include>
						<visible>Control.HasFocus(10)</visible>
					</control>
					<control type="label">
						<description>Focuslabel</description>
						<width>605</width>
						<height>41</height>
						<textoffsetx>40</textoffsetx>
						<textcolor>TextColorFocus</textcolor>
						<selectedcolor>TextColorSelectFO</selectedcolor>
						<label>$INFO[ListItem.Label]</label>
						<visible>Control.HasFocus(10)</visible>
					</control>
					<control type="label">
						<description>UnFocuslabel</description>
						<width>605</width>
						<height>41</height>
						<textoffsetx>40</textoffsetx>
						<textcolor>TextColor2</textcolor>
						<label>$INFO[ListItem.Label]</label>
						<visible>!Control.HasFocus(10)</visible>
					</control>
				</focusedlayout>
			</control>
			<!-- Editcontrol -->
			<control type="image">
				<description>Focus edit control background</description>
				<top>278</top>
				<width>682</width>
				<height>40</height>
				<texture colordiffuse="ACSkinColor">backgrounds/background-titles.png</texture>
				<visible>Control.HasFocus(12)</visible>
			</control>
			<control type="edit" id="12">
				<description>Name Button</description>
				<left>18</left>
				<top>278</top>
				<width>653</width>
				<height>40</height>
				<texturefocus>-</texturefocus>
				<label>-</label>
				<onup>10</onup>
				<onleft>18</onleft>
				<onright>18</onright>
				<ondown>10</ondown>
			</control>
		</control>
		<control type="group"><!-- Button Menue -->
			<left>682</left>
			<top>54</top>
			<control type="grouplist" id="9000">
				<onleft>10</onleft>
				<onright>10</onright>
				<onup>9000</onup>
				<ondown>9000</ondown>
				<control type="button" id="11">
					<description>Browse Button</description>
					<include>dialog_menuebutton</include>
					<label>$LOCALIZE[1024]</label>
				</control>
				<control type="button" id="13">
					<description>Add Path Button</description>
					<include>dialog_menuebutton</include>
					<label>$LOCALIZE[15019]</label>
				</control>
				<control type="button" id="14">
					<description>Remove Path Button</description>
					<include>dialog_menuebutton</include>
					<label>$LOCALIZE[1210]</label>
				</control>
				<control type="label" id="4056">
					<description>Empty Buttondivider</description>
					<width>163</width>
					<height>11</height>
					<label></label>
				</control>
				<control type="button" id="18">
					<description>Ok Button</description>
					<include>dialog_menuebutton</include>
					<label>$LOCALIZE[186]</label>
				</control>
				<control type="button" id="19">
					<description>Cancel Button</description>
					<include>dialog_menuebutton</include>
					<label>$LOCALIZE[222]</label>
				</control>
			</control>
		</control>
		<include content="global_dialog_mid_dividershadow-right">
			<param name="global_dialog_mid_dividershadow-right-left" value="682" />
			<param name="global_dialog_mid_dividershadow-right-height" value="318" />
		</include>
	</control>
</controls>
</window>
