<?xml version="1.0" encoding="UTF-8"?><!-- flex 2.0 -->
<window>
<onunload condition="!String.IsEmpty(Window(home).Property(gotv.addon.isrunning))">ReloadSkin()</onunload>
<onunload condition="!String.IsEmpty(Window(home).Property(gotv.addon.isrunning))">XBMC.RunScript(plugin.service.gto,action=refresh)</onunload>
<onunload>ClearProperty(gotv.addon.isrunning,home)</onunload>
<controls>
<control type="label" id="401">
	<description>text</description>
	<left>-100</left>
	<top>-100</top>
	<width>1</width>
	<height>1</height>
	<label>-</label>
	<font>-</font>
	<texturenofocus>-</texturenofocus>
	<texturefocus>-</texturefocus>
</control>
<control type="label" id="402">
	<description>text</description>
	<left>-100</left>
	<top>-100</top>
	<width>1</width>
	<height>1</height>
	<label>-</label>
	<font>-</font>
	<texturenofocus>-</texturenofocus>
	<texturefocus>-</texturefocus>
</control>
<control type="group">
	<visible>![Window.IsVisible(DialogConfirm.xml) | Window.IsVisible(extendedprogressdialog) | !Player.Muted + Window.IsVisible(volumebar)]</visible>
	<include>animation_topdialog_popup</include>
	<include>dialog_bar</include>
	<control type="label">
		<include>dialog_label1</include>
		<include content="dialog_label1">
			<param name="DialogHeaderLabel1" value="$INFO[Control.GetLabel(401)]" />
		</include>
	</control>
	<control type="label">
		<include content="dialog_label2">
			<param name="DialogHeaderLabel2" value="$INFO[Control.GetLabel(402)]" />
		</include>
	</control>
</control>
</controls>
</window>

