<?xml version="1.0" encoding="UTF-8"?><!-- flex 2.0 -->
<window>
<defaultcontrol>11</defaultcontrol>
<controls>
<control type="label" id="10">
	<description>text</description>
	<left>-100</left>
	<top>-100</top>
	<include>HiddenControl</include>
</control>
<control type="label" id="12">
	<description>text</description>
	<left>-100</left>
	<top>-100</top>
	<include>HiddenControl</include>
</control>
<control type="group">
	<include>animation_topdialog_popup</include>
	<include>dialog_bar</include>
	<control type="label">
		<include>dialog_label1</include>
		<include content="dialog_label1">
			<param name="DialogHeaderLabel1" value="$INFO[Control.GetLabel(10)]" />
		</include>
	</control>
	<control type="label">
		<include content="dialog_label2">
			<param name="DialogHeaderLabel2" value="$INFO[Control.GetLabel(12)]" />
		</include>
	</control>
	<control type="slider" id="11">
		<left>10</left>
		<top>29</top>
		<width>1260</width>
		<height>8</height>
		 <orientation>horizontal</orientation>
		<texturefocus>-</texturefocus>
		<texturenofocus>-</texturenofocus>
		<texturesliderbar colordiffuse="TextColor3" border="5">dialogs/progress/sliderbar.png</texturesliderbar>
		<textureslidernib colordiffuse="$VAR[AC_value_progresscolor]" border="3">dialogs/progress/sliderbar.png</textureslidernib>
		<textureslidernibfocus colordiffuse="$VAR[AC_value_progresscolor]" border="3">dialogs/progress/sliderbar.png</textureslidernibfocus>
		<onup>11</onup>
		<ondown>11</ondown>
		<onleft>11</onleft>
		<onright>11</onright>
	</control>
</control>
</controls>
</window>