<?xml version="1.0" encoding="UTF-8"?>
<window>
<defaultcontrol always="true">73</defaultcontrol>
<views>73</views>
<backgroundcolor>ACBackgroundColorFull</backgroundcolor>
<controls>
<include>CommonBackground</include>
<control type="group"><!-- Background video -->
	<visible>Window.IsVisible(videoplaylist)</visible>
	<control type="image">
		<width>1280</width>
		<height>720</height>
		<texture colordiffuse="black">White.png</texture>
	</control>
	<control type="videowindow"><!-- nowplaying -->
		<width>1280</width>
		<height>720</height>
		<visible>Player.HasVideo</visible>
	</control>
</control>
<control type="group"><!-- Background audio -->
	<visible>Window.IsVisible(musicplaylist)</visible>
	<include>MusicvizAudioBackground</include>
</control>
<control type="group">
	<centerleft>50%</centerleft>
	<centertop>50%</centertop>
	<width>932</width>
	<height>328</height>
	<animation type="WindowOpen">
		<effect type="slide" start="-40,0" end="0,0" time="280" easing="inout" tween="cubic"/>
		<effect type="fade" start="0" end="100" time="250"/>
	</animation>
	<animation type="Visible">
		<effect type="slide" start="-40,0" end="0,0" delay="280" time="280" easing="inout" tween="cubic"/>
		<effect type="fade" start="0" end="100" delay="280" time="250"/>
	</animation>
	<animation type="WindowClose">
		<effect type="slide" start="0,0" end="40,0" time="280" easing="inout" tween="cubic"/>
		<effect type="fade" start="100" end="0" time="250"/>
	</animation>
	<animation type="Hidden">
		<effect type="slide" start="0,0" end="40,0" time="280" easing="inout" tween="cubic"/>
		<effect type="fade" start="100" end="0" time="0"/>
	</animation>
	<visible>Control.IsVisible(73) + !Window.IsVisible(movieinformation) + !Window.Isvisible(DialogMusicInfo.xml)</visible>
	<control type="group">
		<include content="global_dialog_mid_bg">
			<param name="global_dialog_mid_bg-left" value="0" />
			<param name="global_dialog_mid_bg-width" value="932" />
			<param name="global_dialog_mid_bg-innerwidth" value="682" />
			<param name="global_dialog_mid_bg-height" value="400" />
			<param name="global_dialog_mid_bg-headerlabel" value="$LOCALIZE[31160]" />
			<param name="global_dialog_mid_headerid" value="-" />
		</include>
		<control type="list" id="73"><!-- Contentlist -->
			<left>1</left>
			<top>53</top>
			<width>682</width>
			<height>328</height>
			<onup>73</onup>
			<ondown>73</ondown>
			<onleft>9000</onleft>
			<onright>9000</onright>
			<scrolltime>0</scrolltime>
			<itemlayout height="41">
				<control type="label">
					<width>565</width>
					<height>41</height>
					<textoffsetx>20</textoffsetx>
					<textoffsety>10</textoffsety>
					<textcolor>TextColor2</textcolor>
					<scroll>false</scroll>
					<label>$INFO[ListItem.Label]</label>
				</control>
				<control type="label">
					<left>565</left>
					<width>100</width>
					<height>41</height>
					<align>right</align>
					<textoffsetx>0</textoffsetx>
					<textoffsety>10</textoffsety>
					<textcolor>TextColor2</textcolor>
					<label>$INFO[ListItem.Label2,, $LOCALIZE[31026]]</label>
				</control>
			</itemlayout>
			<focusedlayout height="41">
				<control type="image">
					<width>682</width>
					<height>41</height>
					<include>global_listfocustexture</include>
					<visible>Control.HasFocus(73)</visible>
				</control>
				<control type="label">
					<description>UnFocuslabel</description>
					<width>565</width>
					<height>41</height>
					<textoffsetx>20</textoffsetx>
					<textoffsety>10</textoffsety>
					<textcolor>TextColor2</textcolor>
					<label>$INFO[ListItem.Label]</label>
					<visible>!Control.HasFocus(73)</visible>
				</control>
				<control type="label">
					<description>UnFocuslabel</description>
					<left>565</left>
					<width>100</width>
					<height>41</height>
					<align>right</align>
					<textoffsetx>0</textoffsetx>
					<textoffsety>10</textoffsety>
					<textcolor>TextColor2</textcolor>
					<label>$INFO[ListItem.Label2,, $LOCALIZE[31026]]</label>
					<visible>!Control.HasFocus(73)</visible>
				</control>
				<control type="label">
					<description>Focuslabel</description>
					<width>565</width>
					<height>41</height>
					<textoffsetx>20</textoffsetx>
					<textoffsety>10</textoffsety>
					<textcolor>TextColorFocus</textcolor>
					<selectedcolor>TextColorSelectFO</selectedcolor>
					<label>$INFO[ListItem.Label]</label>
					<visible>Control.HasFocus(73)</visible>
				</control>
				<control type="label">
					<description>Focuslabel</description>
					<left>565</left>
					<width>100</width>
					<height>41</height>
					<align>right</align>
					<textoffsetx>0</textoffsetx>
					<textoffsety>10</textoffsety>
					<textcolor>TextColorFocus</textcolor>
					<selectedcolor>TextColorSelectFO</selectedcolor>
					<label>$INFO[ListItem.Label2,, $LOCALIZE[31026]]</label>
					<visible>Control.HasFocus(73)</visible>
				</control>
			</focusedlayout>
		</control>
	</control>
	<control type="group"><!-- Menue -->
		<left>682</left>
		<top>54</top>
		<control type="grouplist" id="9000">
			<onleft>73</onleft>
			<onright>73</onright>
			<onup>9000</onup>
			<ondown>9000</ondown>
			<control type="button" id="20">
				<description>Shuffle button</description>
				<width>240</width>
				<height>40</height>
				<textoffsetx>20</textoffsetx>
				<label>$LOCALIZE[191]</label>
			</control>
			<control type="button" id="26">
				<description>Repeat Button</description>
				<width>240</width>
				<height>40</height>
				<textoffsetx>20</textoffsetx>
				<label>-</label>
			</control>
			<control type="button" id="21">
				<description>Save button</description>
				<width>240</width>
				<height>40</height>
				<textoffsetx>20</textoffsetx>
				<label>$LOCALIZE[190]</label>
			</control>
			<control type="button" id="232">
				<description>Fullscreen button</description>
				<width>240</width>
				<height>40</height>
				<textoffsetx>20</textoffsetx>
				<label>$LOCALIZE[31626]</label>
				<onclick>Fullscreen</onclick>
			</control>
		</control>
	</control>
	<include content="global_dialog_mid_dividershadow-right">
		<param name="global_dialog_mid_dividershadow-right-left" value="682" />
		<param name="global_dialog_mid_dividershadow-right-height" value="390" />
	</include>
</control>
</controls>
</window>
