<?xml version='1.0' encoding='UTF-8'?>
<shortcuts>
	<!-- Videos -->
	<shortcut>
		<defaultID>Videos</defaultID>
		<label>$LOCALIZE[31751]</label>
		<label2 />
		<icon />
		<thumb />
		<action>ActivateWindow(Videos,root)</action>
	</shortcut>
	<!-- Movies -->
	<shortcut>
		<defaultID>movies</defaultID>
		<label>$LOCALIZE[31755]</label>
		<label2 />
		<icon />
		<thumb />
		<action>ActivateWindow(Videos,videodb://movies/titles/,return)</action>
	</shortcut>
	<!-- TVShows -->
	<shortcut>
		<defaultID>tvshows</defaultID>
		<label>$LOCALIZE[31753]</label>
		<label2 />
		<icon />
		<thumb />
		<action>ActivateWindow(Videos,videodb://tvshows/titles/,return)</action>
	</shortcut>
	<!-- Live TV -->
	<shortcut>
		<defaultID>pvr-tv</defaultID>
		<label>$LOCALIZE[31756]</label>
		<label2 />
		<icon />
		<thumb />
		<action>ActivateWindow(TVChannels)</action>
	</shortcut>
	<!-- Music -->
	<shortcut>
		<defaultID>music</defaultID>
		<label>$LOCALIZE[31759]</label>
		<label2 />
		<icon />
		<thumb />
		<action>ActivateWindow(Music)</action>
	</shortcut>
	<!-- radio -->
	<shortcut>
		<defaultID>pvr-radio</defaultID>
		<label>$LOCALIZE[31757]</label>
		<label2 />
		<icon />
		<thumb />
		<action>ActivateWindow(RadioChannels)</action>
	</shortcut>
	<!-- addonbrowser -->
	<shortcut>
		<defaultID>addons</defaultID>
		<label>$LOCALIZE[31765]</label>
		<label2 />
		<icon />
		<thumb />
		<action>ActivateWindow(addonbrowser)</action>
	</shortcut>
	<!-- Weather -->
	<shortcut>
		<defaultID>weather</defaultID>
		<label>$LOCALIZE[31762]</label>
		<label2 />
		<icon />
		<thumb />
		<action>ActivateWindow(Weather)</action>
	</shortcut>
	<!-- Settings -->
	<shortcut>
		<defaultID>settings</defaultID>
		<label>$LOCALIZE[31764]</label>
		<label2 />
		<icon />
		<thumb />
		<action>ActivateWindow(Settings)</action>
	</shortcut>
	<!-- PlayDVD -->
	<shortcut>
		<defaultID>dvd</defaultID>
		<label>$LOCALIZE[31627]</label>
		<label2 />
		<icon />
		<thumb />
		<action>XBMC.PlayDVD()</action>
	</shortcut>
	<!-- favourites -->
	<shortcut>
		<defaultID>favourites</defaultID>
		<label>$LOCALIZE[31761]</label>
		<label2 />
		<icon />
		<thumb />
		<action>ActivateWindow(Favourites)</action>
	</shortcut>
</shortcuts>