<?xml version="1.0" encoding="UTF-8" standalone="yes"?>
<addon id="context.flex.artwork.downloader.auto" name="Flex Context Addon - Artwork Downloader Auto" version="1.0.0" provider-name="Pacoma/Marc0810">
	<requires>
		<import addon="xbmc.python" version="2.20.0" />
		<import addon="script.artwork.downloader" version="13.1.0" />
	</requires>
	<extension point="kodi.context.item" library="context.py">
		<item>
			<label>32000</label>
			<visible>Container.Content(tvshows)|Container.Content(movies)|Container.Content(musicvideos)</visible>
			<parent>kodi.core.manage</parent>
		</item>
	</extension>
	<extension point="kodi.addon.metadata">
		<summary lang="en">Download all missing artwork configured in Artwork Downloader for the selected item.</summary>
		<description lang="en">Download all missing artwork configured in Artwork Downloader for the selected item. Added to the 'Manage...' context menu. The add-on Artwork Downloader does all the work, this just runs it for the selected item.</description>
		<disclaimer lang="en" />
		<platform>all</platform>
		<language />
		<website />
		<forum />
		<email />
		<license>GNU General Public License, v2</license>
		<source />
	</extension>
</addon>
